/*
 Navicat MySQL Data Transfer

 Source Server         : XAMPP localhost
 Source Server Type    : MariaDB
 Source Server Version : 100421
 Source Host           : localhost:3306
 Source Schema         : db_punting_strategy

 Target Server Type    : MariaDB
 Target Server Version : 100421
 File Encoding         : 65001

 Date: 28/02/2022 23:50:54
*/

SET NAMES utf8mb4;
SET FOREIGN_KEY_CHECKS = 0;

-- ----------------------------
-- Table structure for baseball_player
-- ----------------------------
DROP TABLE IF EXISTS `baseball_player`;
CREATE TABLE `baseball_player` (
  `player_id` int(11) NOT NULL AUTO_INCREMENT,
  `player_name` varchar(70) COLLATE utf8mb4_unicode_ci DEFAULT NULL,
  `team_id` int(11) DEFAULT NULL,
  `position_id` int(11) DEFAULT NULL,
  PRIMARY KEY (`player_id`)
) ENGINE=InnoDB AUTO_INCREMENT=128 DEFAULT CHARSET=utf8mb4 COLLATE=utf8mb4_unicode_ci;

-- ----------------------------
-- Records of baseball_player
-- ----------------------------
BEGIN;
INSERT INTO `baseball_player` VALUES (1, 'Juan Soto ', 26, 7);
INSERT INTO `baseball_player` VALUES (2, 'Fernando Tatis Jr. ', 20, 5);
INSERT INTO `baseball_player` VALUES (3, 'Vladimir Guerrero Jr. ', 25, 1);
INSERT INTO `baseball_player` VALUES (4, 'Bryce Harper ', 18, 7);
INSERT INTO `baseball_player` VALUES (5, 'Trea Turner ', 12, 2);
INSERT INTO `baseball_player` VALUES (6, 'Mike Trout ', 11, 5);
INSERT INTO `baseball_player` VALUES (7, 'Freddie Freeman ', NULL, 1);
INSERT INTO `baseball_player` VALUES (8, 'Jose Ramirez ', 7, 3);
INSERT INTO `baseball_player` VALUES (9, 'Ronald Acuna Jr. ', 2, 7);
INSERT INTO `baseball_player` VALUES (10, 'Rafael Devers ', 4, 3);
INSERT INTO `baseball_player` VALUES (11, 'Aaron Judge ', 16, 5);
INSERT INTO `baseball_player` VALUES (12, 'Mookie Betts ', 12, 5);
INSERT INTO `baseball_player` VALUES (13, 'Yordan Alvarez ', 9, 6);
INSERT INTO `baseball_player` VALUES (14, 'Bo Bichette ', 25, 8);
INSERT INTO `baseball_player` VALUES (15, 'Kyle Tucker ', 9, 7);
INSERT INTO `baseball_player` VALUES (16, 'Xander Bogaerts ', 4, 8);
INSERT INTO `baseball_player` VALUES (17, 'Nick Castellanos ', NULL, 7);
INSERT INTO `baseball_player` VALUES (18, 'Manny Machado ', 20, 3);
INSERT INTO `baseball_player` VALUES (19, 'Bryan Reynolds ', 19, 6);
INSERT INTO `baseball_player` VALUES (20, 'Matt Olson ', 17, 1);
INSERT INTO `baseball_player` VALUES (21, 'Paul Goldschmidt ', 22, 1);
INSERT INTO `baseball_player` VALUES (22, 'Ozzie Albies ', 2, 2);
INSERT INTO `baseball_player` VALUES (23, 'Ketel Marte ', 1, 2);
INSERT INTO `baseball_player` VALUES (24, 'Pete Alonso ', 15, 1);
INSERT INTO `baseball_player` VALUES (25, 'Luis Robert ', 8, 5);
INSERT INTO `baseball_player` VALUES (26, 'Cedric Mullins II ', 3, 5);
INSERT INTO `baseball_player` VALUES (27, 'Austin Riley ', 2, 3);
INSERT INTO `baseball_player` VALUES (28, 'Tim Anderson ', 8, 8);
INSERT INTO `baseball_player` VALUES (29, 'Corey Seager ', 24, 8);
INSERT INTO `baseball_player` VALUES (30, 'Jose Altuve ', 9, 2);
INSERT INTO `baseball_player` VALUES (31, 'Marcus Semien ', 24, 2);
INSERT INTO `baseball_player` VALUES (32, 'J.D. Martinez ', 4, 6);
INSERT INTO `baseball_player` VALUES (33, 'Trevor Story ', NULL, 8);
INSERT INTO `baseball_player` VALUES (34, 'George Springer ', 25, 5);
INSERT INTO `baseball_player` VALUES (35, 'Teoscar Hernandez ', 25, 7);
INSERT INTO `baseball_player` VALUES (36, 'Jesse Winker ', 6, 6);
INSERT INTO `baseball_player` VALUES (37, 'Jorge Polanco ', 14, 2);
INSERT INTO `baseball_player` VALUES (38, 'Wander Franco ', 23, 8);
INSERT INTO `baseball_player` VALUES (39, 'Jose Abreu ', 8, 1);
INSERT INTO `baseball_player` VALUES (40, 'Nolan Arenado ', 22, 3);
INSERT INTO `baseball_player` VALUES (41, 'Carlos Correa ', NULL, 8);
INSERT INTO `baseball_player` VALUES (42, 'Giancarlo Stanton ', 16, 7);
INSERT INTO `baseball_player` VALUES (43, 'Franmil Reyes ', 7, 7);
INSERT INTO `baseball_player` VALUES (44, 'Christian Yelich ', 13, 6);
INSERT INTO `baseball_player` VALUES (45, 'Alex Bregman ', 9, 3);
INSERT INTO `baseball_player` VALUES (46, 'Jared Walsh ', 11, 1);
INSERT INTO `baseball_player` VALUES (47, 'Max Muncy ', 12, 2);
INSERT INTO `baseball_player` VALUES (48, 'Byron Buxton ', 14, 5);
INSERT INTO `baseball_player` VALUES (49, 'Brandon Lowe ', 23, 2);
INSERT INTO `baseball_player` VALUES (50, 'Francisco Lindor ', 15, 8);
INSERT INTO `baseball_player` VALUES (51, 'Eloy Jimenez ', 8, 6);
INSERT INTO `baseball_player` VALUES (52, 'Josh Bell ', 26, 1);
INSERT INTO `baseball_player` VALUES (53, 'Joey Votto ', 6, 1);
INSERT INTO `baseball_player` VALUES (54, 'Whit Merrifield ', 10, 2);
INSERT INTO `baseball_player` VALUES (55, 'Tyler O\'Neill ', 22, 6);
INSERT INTO `baseball_player` VALUES (56, 'Randy Arozarena ', 23, 7);
INSERT INTO `baseball_player` VALUES (57, 'Starling Marte ', 15, 5);
INSERT INTO `baseball_player` VALUES (58, 'Jonathan India ', 6, 2);
INSERT INTO `baseball_player` VALUES (59, 'Jake Cronenworth ', 20, 8);
INSERT INTO `baseball_player` VALUES (60, 'Alex Verdugo ', 4, 6);
INSERT INTO `baseball_player` VALUES (61, 'Yoan Moncada ', 8, 3);
INSERT INTO `baseball_player` VALUES (62, 'DJ LeMahieu ', 16, 3);
INSERT INTO `baseball_player` VALUES (63, 'Ryan Mountcastle ', 3, 1);
INSERT INTO `baseball_player` VALUES (64, 'Mitch Haniger ', 21, 7);
INSERT INTO `baseball_player` VALUES (65, 'Anthony Rendon ', 11, 3);
INSERT INTO `baseball_player` VALUES (66, 'Joey Gallo ', 16, 6);
INSERT INTO `baseball_player` VALUES (67, 'Kyle Schwarber ', NULL, 6);
INSERT INTO `baseball_player` VALUES (68, 'Willy Adames ', 13, 8);
INSERT INTO `baseball_player` VALUES (69, 'Kris Bryant ', NULL, 5);
INSERT INTO `baseball_player` VALUES (70, 'Salvador Perez ', 10, 4);
INSERT INTO `baseball_player` VALUES (71, 'Ty France ', 21, 3);
INSERT INTO `baseball_player` VALUES (72, 'J.T. Realmuto ', 18, 4);
INSERT INTO `baseball_player` VALUES (73, 'Will Smith ', 12, 4);
INSERT INTO `baseball_player` VALUES (74, 'Yasmani Grandal ', 8, 4);
INSERT INTO `baseball_player` VALUES (75, 'Willson Contreras ', 5, 4);
INSERT INTO `baseball_player` VALUES (76, 'Keibert Ruiz ', 26, 4);
INSERT INTO `baseball_player` VALUES (77, 'Daulton Varsho ', 1, 4);
INSERT INTO `baseball_player` VALUES (78, 'Tyler Stephenson ', 6, 4);
INSERT INTO `baseball_player` VALUES (79, 'Travis d\'Arnaud ', 2, 4);
INSERT INTO `baseball_player` VALUES (80, 'Mitch Garver ', 14, 4);
COMMIT;

-- ----------------------------
-- Table structure for baseball_position
-- ----------------------------
DROP TABLE IF EXISTS `baseball_position`;
CREATE TABLE `baseball_position` (
  `position_id` int(11) NOT NULL AUTO_INCREMENT,
  `position_code` varchar(4) COLLATE utf8mb4_unicode_ci DEFAULT NULL,
  `position_limit` int(11) DEFAULT NULL,
  PRIMARY KEY (`position_id`)
) ENGINE=InnoDB AUTO_INCREMENT=16 DEFAULT CHARSET=utf8mb4 COLLATE=utf8mb4_unicode_ci;

-- ----------------------------
-- Records of baseball_position
-- ----------------------------
BEGIN;
INSERT INTO `baseball_position` VALUES (1, '1B', NULL);
INSERT INTO `baseball_position` VALUES (2, '2B', NULL);
INSERT INTO `baseball_position` VALUES (3, '3B', NULL);
INSERT INTO `baseball_position` VALUES (4, 'C', NULL);
INSERT INTO `baseball_position` VALUES (5, 'CF', NULL);
INSERT INTO `baseball_position` VALUES (6, 'LF', NULL);
INSERT INTO `baseball_position` VALUES (7, 'RF', NULL);
INSERT INTO `baseball_position` VALUES (8, 'SS', NULL);
COMMIT;

-- ----------------------------
-- Table structure for baseball_statistic
-- ----------------------------
DROP TABLE IF EXISTS `baseball_statistic`;
CREATE TABLE `baseball_statistic` (
  `statistic_id` int(11) NOT NULL AUTO_INCREMENT,
  `statistic_code` varchar(4) COLLATE utf8mb4_unicode_ci DEFAULT NULL,
  PRIMARY KEY (`statistic_id`)
) ENGINE=InnoDB AUTO_INCREMENT=6 DEFAULT CHARSET=utf8mb4 COLLATE=utf8mb4_unicode_ci;

-- ----------------------------
-- Records of baseball_statistic
-- ----------------------------
BEGIN;
INSERT INTO `baseball_statistic` VALUES (1, 'R');
INSERT INTO `baseball_statistic` VALUES (2, 'HR');
INSERT INTO `baseball_statistic` VALUES (3, 'RBI');
INSERT INTO `baseball_statistic` VALUES (4, 'SB');
INSERT INTO `baseball_statistic` VALUES (5, 'AVG');
COMMIT;

-- ----------------------------
-- Table structure for baseball_team
-- ----------------------------
DROP TABLE IF EXISTS `baseball_team`;
CREATE TABLE `baseball_team` (
  `team_id` int(11) NOT NULL AUTO_INCREMENT,
  `team_code` varchar(3) COLLATE utf8mb4_unicode_ci DEFAULT NULL,
  PRIMARY KEY (`team_id`)
) ENGINE=InnoDB AUTO_INCREMENT=32 DEFAULT CHARSET=utf8mb4 COLLATE=utf8mb4_unicode_ci;

-- ----------------------------
-- Records of baseball_team
-- ----------------------------
BEGIN;
INSERT INTO `baseball_team` VALUES (1, 'ARI');
INSERT INTO `baseball_team` VALUES (2, 'ATL');
INSERT INTO `baseball_team` VALUES (3, 'BAL');
INSERT INTO `baseball_team` VALUES (4, 'BOS');
INSERT INTO `baseball_team` VALUES (5, 'CHC');
INSERT INTO `baseball_team` VALUES (6, 'CIN');
INSERT INTO `baseball_team` VALUES (7, 'CLE');
INSERT INTO `baseball_team` VALUES (8, 'CWS');
INSERT INTO `baseball_team` VALUES (9, 'HOU');
INSERT INTO `baseball_team` VALUES (10, 'KC ');
INSERT INTO `baseball_team` VALUES (11, 'LAA');
INSERT INTO `baseball_team` VALUES (12, 'LAD');
INSERT INTO `baseball_team` VALUES (13, 'MIL');
INSERT INTO `baseball_team` VALUES (14, 'MIN');
INSERT INTO `baseball_team` VALUES (15, 'NYM');
INSERT INTO `baseball_team` VALUES (16, 'NYY');
INSERT INTO `baseball_team` VALUES (17, 'OAK');
INSERT INTO `baseball_team` VALUES (18, 'PHI');
INSERT INTO `baseball_team` VALUES (19, 'PIT');
INSERT INTO `baseball_team` VALUES (20, 'SD ');
INSERT INTO `baseball_team` VALUES (21, 'SEA');
INSERT INTO `baseball_team` VALUES (22, 'STL');
INSERT INTO `baseball_team` VALUES (23, 'TB ');
INSERT INTO `baseball_team` VALUES (24, 'TEX');
INSERT INTO `baseball_team` VALUES (25, 'TOR');
INSERT INTO `baseball_team` VALUES (26, 'WSH');
COMMIT;

-- ----------------------------
-- Table structure for calc_player_position_statistic
-- ----------------------------
DROP TABLE IF EXISTS `calc_player_position_statistic`;
CREATE TABLE `calc_player_position_statistic` (
  `id` int(11) NOT NULL AUTO_INCREMENT,
  `player_id` int(11) DEFAULT NULL,
  `position_id` int(11) DEFAULT NULL,
  `statistic_id` int(11) DEFAULT NULL,
  `player_standard` decimal(10,4) DEFAULT NULL,
  PRIMARY KEY (`id`)
) ENGINE=InnoDB AUTO_INCREMENT=512 DEFAULT CHARSET=utf8mb4 COLLATE=utf8mb4_unicode_ci;

-- ----------------------------
-- Records of calc_player_position_statistic
-- ----------------------------
BEGIN;
INSERT INTO `calc_player_position_statistic` VALUES (1, 1, 7, 1, 3.2723);
INSERT INTO `calc_player_position_statistic` VALUES (2, 1, 7, 2, 2.9418);
INSERT INTO `calc_player_position_statistic` VALUES (3, 1, 7, 3, 3.4992);
INSERT INTO `calc_player_position_statistic` VALUES (4, 1, 7, 4, 1.4724);
INSERT INTO `calc_player_position_statistic` VALUES (5, 1, 7, 5, 3.7017);
INSERT INTO `calc_player_position_statistic` VALUES (6, 2, 5, 1, 2.9182);
INSERT INTO `calc_player_position_statistic` VALUES (7, 2, 5, 2, 3.6318);
INSERT INTO `calc_player_position_statistic` VALUES (8, 2, 5, 3, 3.3200);
INSERT INTO `calc_player_position_statistic` VALUES (9, 2, 5, 4, 2.3111);
INSERT INTO `calc_player_position_statistic` VALUES (10, 2, 5, 5, 2.8125);
INSERT INTO `calc_player_position_statistic` VALUES (11, 3, 1, 1, 3.1998);
INSERT INTO `calc_player_position_statistic` VALUES (12, 3, 1, 2, 2.7043);
INSERT INTO `calc_player_position_statistic` VALUES (13, 3, 1, 3, 2.7342);
INSERT INTO `calc_player_position_statistic` VALUES (14, 3, 1, 4, 1.2157);
INSERT INTO `calc_player_position_statistic` VALUES (15, 3, 1, 5, 3.2353);
INSERT INTO `calc_player_position_statistic` VALUES (16, 4, 7, 1, 2.3879);
INSERT INTO `calc_player_position_statistic` VALUES (17, 4, 7, 2, 3.4320);
INSERT INTO `calc_player_position_statistic` VALUES (18, 4, 7, 3, 2.7788);
INSERT INTO `calc_player_position_statistic` VALUES (19, 4, 7, 4, 1.7402);
INSERT INTO `calc_player_position_statistic` VALUES (20, 4, 7, 5, 2.0442);
INSERT INTO `calc_player_position_statistic` VALUES (21, 5, 2, 1, 3.1883);
INSERT INTO `calc_player_position_statistic` VALUES (22, 5, 2, 2, 2.4069);
INSERT INTO `calc_player_position_statistic` VALUES (23, 5, 2, 3, 2.3723);
INSERT INTO `calc_player_position_statistic` VALUES (24, 5, 2, 4, 3.0333);
INSERT INTO `calc_player_position_statistic` VALUES (25, 5, 2, 5, 3.2948);
INSERT INTO `calc_player_position_statistic` VALUES (26, 6, 5, 1, 1.6003);
INSERT INTO `calc_player_position_statistic` VALUES (27, 6, 5, 2, 2.5047);
INSERT INTO `calc_player_position_statistic` VALUES (28, 6, 5, 3, 2.4723);
INSERT INTO `calc_player_position_statistic` VALUES (29, 6, 5, 4, 0.3014);
INSERT INTO `calc_player_position_statistic` VALUES (30, 6, 5, 5, 3.0208);
INSERT INTO `calc_player_position_statistic` VALUES (31, 7, 1, 1, 2.5999);
INSERT INTO `calc_player_position_statistic` VALUES (32, 7, 1, 2, 0.4507);
INSERT INTO `calc_player_position_statistic` VALUES (33, 7, 1, 3, 0.8322);
INSERT INTO `calc_player_position_statistic` VALUES (34, 7, 1, 4, 2.8365);
INSERT INTO `calc_player_position_statistic` VALUES (35, 7, 1, 5, 2.6471);
INSERT INTO `calc_player_position_statistic` VALUES (36, 8, 3, 1, 3.1388);
INSERT INTO `calc_player_position_statistic` VALUES (37, 8, 3, 2, 2.9554);
INSERT INTO `calc_player_position_statistic` VALUES (38, 8, 3, 3, 2.8058);
INSERT INTO `calc_player_position_statistic` VALUES (39, 8, 3, 4, 3.5352);
INSERT INTO `calc_player_position_statistic` VALUES (40, 8, 3, 5, 1.8056);
INSERT INTO `calc_player_position_statistic` VALUES (41, 9, 7, 1, 2.7416);
INSERT INTO `calc_player_position_statistic` VALUES (42, 9, 7, 2, 3.4320);
INSERT INTO `calc_player_position_statistic` VALUES (43, 9, 7, 3, 0.9263);
INSERT INTO `calc_player_position_statistic` VALUES (44, 9, 7, 4, 2.9449);
INSERT INTO `calc_player_position_statistic` VALUES (45, 9, 7, 5, 1.7127);
INSERT INTO `calc_player_position_statistic` VALUES (46, 10, 3, 1, 2.8877);
INSERT INTO `calc_player_position_statistic` VALUES (47, 10, 3, 2, 3.0961);
INSERT INTO `calc_player_position_statistic` VALUES (48, 10, 3, 3, 2.8759);
INSERT INTO `calc_player_position_statistic` VALUES (49, 10, 3, 4, 0.7070);
INSERT INTO `calc_player_position_statistic` VALUES (50, 10, 3, 5, 2.9167);
INSERT INTO `calc_player_position_statistic` VALUES (51, 11, 5, 1, 1.4120);
INSERT INTO `calc_player_position_statistic` VALUES (52, 11, 5, 2, 2.8804);
INSERT INTO `calc_player_position_statistic` VALUES (53, 11, 5, 3, 2.6136);
INSERT INTO `calc_player_position_statistic` VALUES (54, 11, 5, 4, 0.0000);
INSERT INTO `calc_player_position_statistic` VALUES (55, 11, 5, 5, 1.8750);
INSERT INTO `calc_player_position_statistic` VALUES (56, 12, 5, 1, 2.9182);
INSERT INTO `calc_player_position_statistic` VALUES (57, 12, 5, 2, 1.6281);
INSERT INTO `calc_player_position_statistic` VALUES (58, 12, 5, 3, 1.4128);
INSERT INTO `calc_player_position_statistic` VALUES (59, 12, 5, 4, 1.1053);
INSERT INTO `calc_player_position_statistic` VALUES (60, 12, 5, 5, 1.9792);
INSERT INTO `calc_player_position_statistic` VALUES (61, 13, 6, 1, 3.3681);
INSERT INTO `calc_player_position_statistic` VALUES (62, 13, 6, 2, 3.2191);
INSERT INTO `calc_player_position_statistic` VALUES (63, 13, 6, 3, 3.8425);
INSERT INTO `calc_player_position_statistic` VALUES (64, 13, 6, 4, 0.2111);
INSERT INTO `calc_player_position_statistic` VALUES (65, 13, 6, 5, 3.1111);
INSERT INTO `calc_player_position_statistic` VALUES (66, 14, 8, 1, 3.5615);
INSERT INTO `calc_player_position_statistic` VALUES (67, 14, 8, 2, 2.6880);
INSERT INTO `calc_player_position_statistic` VALUES (68, 14, 8, 3, 3.0018);
INSERT INTO `calc_player_position_statistic` VALUES (69, 14, 8, 4, 2.7449);
INSERT INTO `calc_player_position_statistic` VALUES (70, 14, 8, 5, 2.6000);
INSERT INTO `calc_player_position_statistic` VALUES (71, 15, 7, 1, 1.1497);
INSERT INTO `calc_player_position_statistic` VALUES (72, 15, 7, 2, 2.2063);
INSERT INTO `calc_player_position_statistic` VALUES (73, 15, 7, 3, 2.3671);
INSERT INTO `calc_player_position_statistic` VALUES (74, 15, 7, 4, 2.2756);
INSERT INTO `calc_player_position_statistic` VALUES (75, 15, 7, 5, 1.6022);
INSERT INTO `calc_player_position_statistic` VALUES (76, 16, 8, 1, 1.7808);
INSERT INTO `calc_player_position_statistic` VALUES (77, 16, 8, 2, 2.4192);
INSERT INTO `calc_player_position_statistic` VALUES (78, 16, 8, 3, 2.7617);
INSERT INTO `calc_player_position_statistic` VALUES (79, 16, 8, 4, 0.8235);
INSERT INTO `calc_player_position_statistic` VALUES (80, 16, 8, 5, 2.3333);
INSERT INTO `calc_player_position_statistic` VALUES (81, 17, 7, 1, 1.4150);
INSERT INTO `calc_player_position_statistic` VALUES (82, 17, 7, 2, 2.2063);
INSERT INTO `calc_player_position_statistic` VALUES (83, 17, 7, 3, 2.2642);
INSERT INTO `calc_player_position_statistic` VALUES (84, 17, 7, 4, 0.2677);
INSERT INTO `calc_player_position_statistic` VALUES (85, 17, 7, 5, 1.7680);
INSERT INTO `calc_player_position_statistic` VALUES (86, 18, 3, 1, 1.7577);
INSERT INTO `calc_player_position_statistic` VALUES (87, 18, 3, 2, 2.2517);
INSERT INTO `calc_player_position_statistic` VALUES (88, 18, 3, 3, 2.8058);
INSERT INTO `calc_player_position_statistic` VALUES (89, 18, 3, 4, 1.5555);
INSERT INTO `calc_player_position_statistic` VALUES (90, 18, 3, 5, 2.3611);
INSERT INTO `calc_player_position_statistic` VALUES (91, 19, 6, 1, 2.2454);
INSERT INTO `calc_player_position_statistic` VALUES (92, 19, 6, 2, 1.2596);
INSERT INTO `calc_player_position_statistic` VALUES (93, 19, 6, 3, 1.7986);
INSERT INTO `calc_player_position_statistic` VALUES (94, 19, 6, 4, 0.8444);
INSERT INTO `calc_player_position_statistic` VALUES (95, 19, 6, 5, 3.2889);
INSERT INTO `calc_player_position_statistic` VALUES (96, 20, 1, 1, 1.2999);
INSERT INTO `calc_player_position_statistic` VALUES (97, 20, 1, 2, 2.0283);
INSERT INTO `calc_player_position_statistic` VALUES (98, 20, 1, 3, 2.0209);
INSERT INTO `calc_player_position_statistic` VALUES (99, 20, 1, 4, 1.2157);
INSERT INTO `calc_player_position_statistic` VALUES (100, 20, 1, 5, 0.3529);
INSERT INTO `calc_player_position_statistic` VALUES (101, 21, 1, 1, 1.5999);
INSERT INTO `calc_player_position_statistic` VALUES (102, 21, 1, 2, 0.0000);
INSERT INTO `calc_player_position_statistic` VALUES (103, 21, 1, 3, 0.0000);
INSERT INTO `calc_player_position_statistic` VALUES (104, 21, 1, 4, 3.2418);
INSERT INTO `calc_player_position_statistic` VALUES (105, 21, 1, 5, 1.4706);
INSERT INTO `calc_player_position_statistic` VALUES (106, 22, 2, 1, 1.9407);
INSERT INTO `calc_player_position_statistic` VALUES (107, 22, 2, 2, 2.5673);
INSERT INTO `calc_player_position_statistic` VALUES (108, 22, 2, 3, 2.8242);
INSERT INTO `calc_player_position_statistic` VALUES (109, 22, 2, 4, 1.6250);
INSERT INTO `calc_player_position_statistic` VALUES (110, 22, 2, 5, 1.2139);
INSERT INTO `calc_player_position_statistic` VALUES (111, 23, 2, 1, 0.0000);
INSERT INTO `calc_player_position_statistic` VALUES (112, 23, 2, 2, 1.6046);
INSERT INTO `calc_player_position_statistic` VALUES (113, 23, 2, 3, 1.5815);
INSERT INTO `calc_player_position_statistic` VALUES (114, 23, 2, 4, 0.3250);
INSERT INTO `calc_player_position_statistic` VALUES (115, 23, 2, 5, 2.7168);
INSERT INTO `calc_player_position_statistic` VALUES (116, 24, 1, 1, 1.1999);
INSERT INTO `calc_player_position_statistic` VALUES (117, 24, 1, 2, 2.4790);
INSERT INTO `calc_player_position_statistic` VALUES (118, 24, 1, 3, 2.3776);
INSERT INTO `calc_player_position_statistic` VALUES (119, 24, 1, 4, 0.8104);
INSERT INTO `calc_player_position_statistic` VALUES (120, 24, 1, 5, 0.2941);
INSERT INTO `calc_player_position_statistic` VALUES (121, 25, 5, 1, 0.2824);
INSERT INTO `calc_player_position_statistic` VALUES (122, 25, 5, 2, 1.3776);
INSERT INTO `calc_player_position_statistic` VALUES (123, 25, 5, 3, 1.6247);
INSERT INTO `calc_player_position_statistic` VALUES (124, 25, 5, 4, 1.2058);
INSERT INTO `calc_player_position_statistic` VALUES (125, 25, 5, 5, 2.7083);
INSERT INTO `calc_player_position_statistic` VALUES (126, 26, 5, 1, 0.4707);
INSERT INTO `calc_player_position_statistic` VALUES (127, 26, 5, 2, 1.0019);
INSERT INTO `calc_player_position_statistic` VALUES (128, 26, 5, 3, 0.0000);
INSERT INTO `calc_player_position_statistic` VALUES (129, 26, 5, 4, 2.2106);
INSERT INTO `calc_player_position_statistic` VALUES (130, 26, 5, 5, 0.7292);
INSERT INTO `calc_player_position_statistic` VALUES (131, 27, 3, 1, 1.1300);
INSERT INTO `calc_player_position_statistic` VALUES (132, 27, 3, 2, 2.3925);
INSERT INTO `calc_player_position_statistic` VALUES (133, 27, 3, 3, 2.3849);
INSERT INTO `calc_player_position_statistic` VALUES (134, 27, 3, 4, 0.0000);
INSERT INTO `calc_player_position_statistic` VALUES (135, 27, 3, 5, 2.3611);
INSERT INTO `calc_player_position_statistic` VALUES (136, 28, 8, 1, 2.5227);
INSERT INTO `calc_player_position_statistic` VALUES (137, 28, 8, 2, 0.8064);
INSERT INTO `calc_player_position_statistic` VALUES (138, 28, 8, 3, 0.0000);
INSERT INTO `calc_player_position_statistic` VALUES (139, 28, 8, 4, 2.4704);
INSERT INTO `calc_player_position_statistic` VALUES (140, 28, 8, 5, 2.8667);
INSERT INTO `calc_player_position_statistic` VALUES (141, 29, 8, 1, 0.4452);
INSERT INTO `calc_player_position_statistic` VALUES (142, 29, 8, 2, 2.1504);
INSERT INTO `calc_player_position_statistic` VALUES (143, 29, 8, 3, 2.1613);
INSERT INTO `calc_player_position_statistic` VALUES (144, 29, 8, 4, 0.2745);
INSERT INTO `calc_player_position_statistic` VALUES (145, 29, 8, 5, 2.3333);
INSERT INTO `calc_player_position_statistic` VALUES (146, 30, 2, 1, 2.6338);
INSERT INTO `calc_player_position_statistic` VALUES (147, 30, 2, 2, 2.4069);
INSERT INTO `calc_player_position_statistic` VALUES (148, 30, 2, 3, 1.3556);
INSERT INTO `calc_player_position_statistic` VALUES (149, 30, 2, 4, 0.3250);
INSERT INTO `calc_player_position_statistic` VALUES (150, 30, 2, 5, 1.5029);
INSERT INTO `calc_player_position_statistic` VALUES (151, 31, 2, 1, 1.3862);
INSERT INTO `calc_player_position_statistic` VALUES (152, 31, 2, 2, 3.0487);
INSERT INTO `calc_player_position_statistic` VALUES (153, 31, 2, 3, 2.0334);
INSERT INTO `calc_player_position_statistic` VALUES (154, 31, 2, 4, 0.9750);
INSERT INTO `calc_player_position_statistic` VALUES (155, 31, 2, 5, 0.6358);
INSERT INTO `calc_player_position_statistic` VALUES (156, 32, 6, 1, 1.6841);
INSERT INTO `calc_player_position_statistic` VALUES (157, 32, 6, 2, 1.9594);
INSERT INTO `calc_player_position_statistic` VALUES (158, 32, 6, 3, 2.4527);
INSERT INTO `calc_player_position_statistic` VALUES (159, 32, 6, 4, 0.0000);
INSERT INTO `calc_player_position_statistic` VALUES (160, 32, 6, 5, 2.7556);
INSERT INTO `calc_player_position_statistic` VALUES (161, 33, 8, 1, 1.3356);
INSERT INTO `calc_player_position_statistic` VALUES (162, 33, 8, 2, 2.6880);
INSERT INTO `calc_player_position_statistic` VALUES (163, 33, 8, 3, 1.8011);
INSERT INTO `calc_player_position_statistic` VALUES (164, 33, 8, 4, 2.8821);
INSERT INTO `calc_player_position_statistic` VALUES (165, 33, 8, 5, 0.4667);
INSERT INTO `calc_player_position_statistic` VALUES (166, 34, 5, 1, 1.2237);
INSERT INTO `calc_player_position_statistic` VALUES (167, 34, 5, 2, 2.0038);
INSERT INTO `calc_player_position_statistic` VALUES (168, 34, 5, 3, 1.4128);
INSERT INTO `calc_player_position_statistic` VALUES (169, 34, 5, 4, 0.1005);
INSERT INTO `calc_player_position_statistic` VALUES (170, 34, 5, 5, 0.3125);
INSERT INTO `calc_player_position_statistic` VALUES (171, 35, 7, 1, 1.0613);
INSERT INTO `calc_player_position_statistic` VALUES (172, 35, 7, 2, 2.4515);
INSERT INTO `calc_player_position_statistic` VALUES (173, 35, 7, 3, 2.7788);
INSERT INTO `calc_player_position_statistic` VALUES (174, 35, 7, 4, 1.3386);
INSERT INTO `calc_player_position_statistic` VALUES (175, 35, 7, 5, 1.2155);
INSERT INTO `calc_player_position_statistic` VALUES (176, 36, 6, 1, 1.8712);
INSERT INTO `calc_player_position_statistic` VALUES (177, 36, 6, 2, 1.6795);
INSERT INTO `calc_player_position_statistic` VALUES (178, 36, 6, 3, 0.9811);
INSERT INTO `calc_player_position_statistic` VALUES (179, 36, 6, 4, 0.2111);
INSERT INTO `calc_player_position_statistic` VALUES (180, 36, 6, 5, 3.3778);
INSERT INTO `calc_player_position_statistic` VALUES (181, 37, 2, 1, 0.8317);
INSERT INTO `calc_player_position_statistic` VALUES (182, 37, 2, 2, 2.4069);
INSERT INTO `calc_player_position_statistic` VALUES (183, 37, 2, 3, 2.5983);
INSERT INTO `calc_player_position_statistic` VALUES (184, 37, 2, 4, 0.7583);
INSERT INTO `calc_player_position_statistic` VALUES (185, 37, 2, 5, 1.2717);
INSERT INTO `calc_player_position_statistic` VALUES (186, 38, 8, 1, 1.7808);
INSERT INTO `calc_player_position_statistic` VALUES (187, 38, 8, 2, 0.0000);
INSERT INTO `calc_player_position_statistic` VALUES (188, 38, 8, 3, 1.3208);
INSERT INTO `calc_player_position_statistic` VALUES (189, 38, 8, 4, 0.9607);
INSERT INTO `calc_player_position_statistic` VALUES (190, 38, 8, 5, 2.0000);
INSERT INTO `calc_player_position_statistic` VALUES (191, 39, 1, 1, 0.8000);
INSERT INTO `calc_player_position_statistic` VALUES (192, 39, 1, 2, 0.4507);
INSERT INTO `calc_player_position_statistic` VALUES (193, 39, 1, 3, 2.4965);
INSERT INTO `calc_player_position_statistic` VALUES (194, 39, 1, 4, 0.4052);
INSERT INTO `calc_player_position_statistic` VALUES (195, 39, 1, 5, 0.8824);
INSERT INTO `calc_player_position_statistic` VALUES (196, 40, 3, 1, 0.7533);
INSERT INTO `calc_player_position_statistic` VALUES (197, 40, 3, 2, 2.3925);
INSERT INTO `calc_player_position_statistic` VALUES (198, 40, 3, 3, 2.4551);
INSERT INTO `calc_player_position_statistic` VALUES (199, 40, 3, 4, 0.2828);
INSERT INTO `calc_player_position_statistic` VALUES (200, 40, 3, 5, 0.0000);
INSERT INTO `calc_player_position_statistic` VALUES (201, 41, 8, 1, 0.8904);
INSERT INTO `calc_player_position_statistic` VALUES (202, 41, 8, 2, 2.1504);
INSERT INTO `calc_player_position_statistic` VALUES (203, 41, 8, 3, 2.6416);
INSERT INTO `calc_player_position_statistic` VALUES (204, 41, 8, 4, 0.0000);
INSERT INTO `calc_player_position_statistic` VALUES (205, 41, 8, 5, 1.4667);
INSERT INTO `calc_player_position_statistic` VALUES (206, 42, 7, 1, 0.0000);
INSERT INTO `calc_player_position_statistic` VALUES (207, 42, 7, 2, 2.9418);
INSERT INTO `calc_player_position_statistic` VALUES (208, 42, 7, 3, 2.2642);
INSERT INTO `calc_player_position_statistic` VALUES (209, 42, 7, 4, 0.0000);
INSERT INTO `calc_player_position_statistic` VALUES (210, 42, 7, 5, 0.8840);
INSERT INTO `calc_player_position_statistic` VALUES (211, 43, 7, 1, 0.1769);
INSERT INTO `calc_player_position_statistic` VALUES (212, 43, 7, 2, 3.6772);
INSERT INTO `calc_player_position_statistic` VALUES (213, 43, 7, 3, 2.9846);
INSERT INTO `calc_player_position_statistic` VALUES (214, 43, 7, 4, 0.2677);
INSERT INTO `calc_player_position_statistic` VALUES (215, 43, 7, 5, 0.2762);
INSERT INTO `calc_player_position_statistic` VALUES (216, 44, 6, 1, 2.9939);
INSERT INTO `calc_player_position_statistic` VALUES (217, 44, 6, 2, 1.1197);
INSERT INTO `calc_player_position_statistic` VALUES (218, 44, 6, 3, 1.0628);
INSERT INTO `calc_player_position_statistic` VALUES (219, 44, 6, 4, 2.7443);
INSERT INTO `calc_player_position_statistic` VALUES (220, 44, 6, 5, 2.3111);
INSERT INTO `calc_player_position_statistic` VALUES (221, 45, 3, 1, 1.3811);
INSERT INTO `calc_player_position_statistic` VALUES (222, 45, 3, 2, 1.4073);
INSERT INTO `calc_player_position_statistic` VALUES (223, 45, 3, 3, 1.6835);
INSERT INTO `calc_player_position_statistic` VALUES (224, 45, 3, 4, 0.2828);
INSERT INTO `calc_player_position_statistic` VALUES (225, 45, 3, 5, 1.2500);
INSERT INTO `calc_player_position_statistic` VALUES (226, 46, 1, 1, 0.4000);
INSERT INTO `calc_player_position_statistic` VALUES (227, 46, 1, 2, 0.6761);
INSERT INTO `calc_player_position_statistic` VALUES (228, 46, 1, 3, 1.5454);
INSERT INTO `calc_player_position_statistic` VALUES (229, 46, 1, 4, 0.8104);
INSERT INTO `calc_player_position_statistic` VALUES (230, 46, 1, 5, 0.7647);
INSERT INTO `calc_player_position_statistic` VALUES (231, 47, 2, 1, 0.2772);
INSERT INTO `calc_player_position_statistic` VALUES (232, 47, 2, 2, 3.3696);
INSERT INTO `calc_player_position_statistic` VALUES (233, 47, 2, 3, 3.0501);
INSERT INTO `calc_player_position_statistic` VALUES (234, 47, 2, 4, 0.0000);
INSERT INTO `calc_player_position_statistic` VALUES (235, 47, 2, 5, 0.1734);
INSERT INTO `calc_player_position_statistic` VALUES (236, 48, 5, 1, 0.3765);
INSERT INTO `calc_player_position_statistic` VALUES (237, 48, 5, 2, 1.8785);
INSERT INTO `calc_player_position_statistic` VALUES (238, 48, 5, 3, 1.1302);
INSERT INTO `calc_player_position_statistic` VALUES (239, 48, 5, 4, 1.2058);
INSERT INTO `calc_player_position_statistic` VALUES (240, 48, 5, 5, 1.2500);
INSERT INTO `calc_player_position_statistic` VALUES (241, 49, 2, 1, 0.6931);
INSERT INTO `calc_player_position_statistic` VALUES (242, 49, 2, 2, 3.6905);
INSERT INTO `calc_player_position_statistic` VALUES (243, 49, 2, 3, 3.0501);
INSERT INTO `calc_player_position_statistic` VALUES (244, 49, 2, 4, 0.4333);
INSERT INTO `calc_player_position_statistic` VALUES (245, 49, 2, 5, 0.0000);
INSERT INTO `calc_player_position_statistic` VALUES (246, 50, 8, 1, 1.4840);
INSERT INTO `calc_player_position_statistic` VALUES (247, 50, 8, 2, 2.4192);
INSERT INTO `calc_player_position_statistic` VALUES (248, 50, 8, 3, 1.9212);
INSERT INTO `calc_player_position_statistic` VALUES (249, 50, 8, 4, 1.9214);
INSERT INTO `calc_player_position_statistic` VALUES (250, 50, 8, 5, 0.0000);
INSERT INTO `calc_player_position_statistic` VALUES (251, 51, 6, 1, 0.0000);
INSERT INTO `calc_player_position_statistic` VALUES (252, 51, 6, 2, 2.3793);
INSERT INTO `calc_player_position_statistic` VALUES (253, 51, 6, 3, 2.5344);
INSERT INTO `calc_player_position_statistic` VALUES (254, 51, 6, 4, 0.0000);
INSERT INTO `calc_player_position_statistic` VALUES (255, 51, 6, 5, 2.5778);
INSERT INTO `calc_player_position_statistic` VALUES (256, 52, 1, 1, 0.4000);
INSERT INTO `calc_player_position_statistic` VALUES (257, 52, 1, 2, 0.0000);
INSERT INTO `calc_player_position_statistic` VALUES (258, 52, 1, 3, 1.0699);
INSERT INTO `calc_player_position_statistic` VALUES (259, 52, 1, 4, 0.0000);
INSERT INTO `calc_player_position_statistic` VALUES (260, 52, 1, 5, 0.7059);
INSERT INTO `calc_player_position_statistic` VALUES (261, 53, 1, 1, 0.2000);
INSERT INTO `calc_player_position_statistic` VALUES (262, 53, 1, 2, 0.2254);
INSERT INTO `calc_player_position_statistic` VALUES (263, 53, 1, 3, 0.2378);
INSERT INTO `calc_player_position_statistic` VALUES (264, 53, 1, 4, 0.4052);
INSERT INTO `calc_player_position_statistic` VALUES (265, 53, 1, 5, 0.0000);
INSERT INTO `calc_player_position_statistic` VALUES (266, 54, 2, 1, 0.4159);
INSERT INTO `calc_player_position_statistic` VALUES (267, 54, 2, 2, 0.0000);
INSERT INTO `calc_player_position_statistic` VALUES (268, 54, 2, 3, 0.0000);
INSERT INTO `calc_player_position_statistic` VALUES (269, 54, 2, 4, 2.8166);
INSERT INTO `calc_player_position_statistic` VALUES (270, 54, 2, 5, 1.7919);
INSERT INTO `calc_player_position_statistic` VALUES (271, 55, 6, 1, 2.2454);
INSERT INTO `calc_player_position_statistic` VALUES (272, 55, 6, 2, 2.6592);
INSERT INTO `calc_player_position_statistic` VALUES (273, 55, 6, 3, 1.8804);
INSERT INTO `calc_player_position_statistic` VALUES (274, 55, 6, 4, 2.7443);
INSERT INTO `calc_player_position_statistic` VALUES (275, 55, 6, 5, 2.1333);
INSERT INTO `calc_player_position_statistic` VALUES (276, 56, 7, 1, 1.0613);
INSERT INTO `calc_player_position_statistic` VALUES (277, 56, 7, 2, 0.0000);
INSERT INTO `calc_player_position_statistic` VALUES (278, 56, 7, 3, 0.0000);
INSERT INTO `calc_player_position_statistic` VALUES (279, 56, 7, 4, 2.4094);
INSERT INTO `calc_player_position_statistic` VALUES (280, 56, 7, 5, 0.6630);
INSERT INTO `calc_player_position_statistic` VALUES (281, 57, 5, 1, 0.5648);
INSERT INTO `calc_player_position_statistic` VALUES (282, 57, 5, 2, 0.0000);
INSERT INTO `calc_player_position_statistic` VALUES (283, 57, 5, 3, 0.2119);
INSERT INTO `calc_player_position_statistic` VALUES (284, 57, 5, 4, 3.0145);
INSERT INTO `calc_player_position_statistic` VALUES (285, 57, 5, 5, 1.8750);
INSERT INTO `calc_player_position_statistic` VALUES (286, 58, 2, 1, 1.6635);
INSERT INTO `calc_player_position_statistic` VALUES (287, 58, 2, 2, 1.6046);
INSERT INTO `calc_player_position_statistic` VALUES (288, 58, 2, 3, 0.5648);
INSERT INTO `calc_player_position_statistic` VALUES (289, 58, 2, 4, 0.8667);
INSERT INTO `calc_player_position_statistic` VALUES (290, 58, 2, 5, 0.7514);
INSERT INTO `calc_player_position_statistic` VALUES (291, 59, 8, 1, 0.5936);
INSERT INTO `calc_player_position_statistic` VALUES (292, 59, 8, 2, 0.0000);
INSERT INTO `calc_player_position_statistic` VALUES (293, 59, 8, 3, 0.3602);
INSERT INTO `calc_player_position_statistic` VALUES (294, 59, 8, 4, 0.8235);
INSERT INTO `calc_player_position_statistic` VALUES (295, 59, 8, 5, 1.2000);
INSERT INTO `calc_player_position_statistic` VALUES (296, 60, 6, 1, 1.1227);
INSERT INTO `calc_player_position_statistic` VALUES (297, 60, 6, 2, 0.0000);
INSERT INTO `calc_player_position_statistic` VALUES (298, 60, 6, 3, 0.0000);
INSERT INTO `calc_player_position_statistic` VALUES (299, 60, 6, 4, 1.2666);
INSERT INTO `calc_player_position_statistic` VALUES (300, 60, 6, 5, 3.4222);
INSERT INTO `calc_player_position_statistic` VALUES (301, 61, 3, 1, 0.6278);
INSERT INTO `calc_player_position_statistic` VALUES (302, 61, 3, 2, 0.7037);
INSERT INTO `calc_player_position_statistic` VALUES (303, 61, 3, 3, 0.4209);
INSERT INTO `calc_player_position_statistic` VALUES (304, 61, 3, 4, 0.5656);
INSERT INTO `calc_player_position_statistic` VALUES (305, 61, 3, 5, 0.5556);
INSERT INTO `calc_player_position_statistic` VALUES (306, 62, 3, 1, 1.5066);
INSERT INTO `calc_player_position_statistic` VALUES (307, 62, 3, 2, 0.0000);
INSERT INTO `calc_player_position_statistic` VALUES (308, 62, 3, 3, 0.0000);
INSERT INTO `calc_player_position_statistic` VALUES (309, 62, 3, 4, 0.7070);
INSERT INTO `calc_player_position_statistic` VALUES (310, 62, 3, 5, 3.3333);
INSERT INTO `calc_player_position_statistic` VALUES (311, 63, 1, 1, 0.0000);
INSERT INTO `calc_player_position_statistic` VALUES (312, 63, 1, 2, 0.2254);
INSERT INTO `calc_player_position_statistic` VALUES (313, 63, 1, 3, 0.0000);
INSERT INTO `calc_player_position_statistic` VALUES (314, 63, 1, 4, 1.6209);
INSERT INTO `calc_player_position_statistic` VALUES (315, 63, 1, 5, 0.6471);
INSERT INTO `calc_player_position_statistic` VALUES (316, 64, 7, 1, 1.3266);
INSERT INTO `calc_player_position_statistic` VALUES (317, 64, 7, 2, 2.2063);
INSERT INTO `calc_player_position_statistic` VALUES (318, 64, 7, 3, 1.4408);
INSERT INTO `calc_player_position_statistic` VALUES (319, 64, 7, 4, 0.2677);
INSERT INTO `calc_player_position_statistic` VALUES (320, 64, 7, 5, 0.0000);
INSERT INTO `calc_player_position_statistic` VALUES (321, 65, 3, 1, 0.0000);
INSERT INTO `calc_player_position_statistic` VALUES (322, 65, 3, 2, 0.9851);
INSERT INTO `calc_player_position_statistic` VALUES (323, 65, 3, 3, 1.4730);
INSERT INTO `calc_player_position_statistic` VALUES (324, 65, 3, 4, 0.2828);
INSERT INTO `calc_player_position_statistic` VALUES (325, 65, 3, 5, 1.8056);
INSERT INTO `calc_player_position_statistic` VALUES (326, 66, 6, 1, 2.8068);
INSERT INTO `calc_player_position_statistic` VALUES (327, 66, 6, 2, 3.4990);
INSERT INTO `calc_player_position_statistic` VALUES (328, 66, 6, 3, 2.2892);
INSERT INTO `calc_player_position_statistic` VALUES (329, 66, 6, 4, 1.0555);
INSERT INTO `calc_player_position_statistic` VALUES (330, 66, 6, 5, 0.0000);
INSERT INTO `calc_player_position_statistic` VALUES (331, 67, 6, 1, 0.7485);
INSERT INTO `calc_player_position_statistic` VALUES (332, 67, 6, 2, 2.5193);
INSERT INTO `calc_player_position_statistic` VALUES (333, 67, 6, 3, 1.3899);
INSERT INTO `calc_player_position_statistic` VALUES (334, 67, 6, 4, 0.2111);
INSERT INTO `calc_player_position_statistic` VALUES (335, 67, 6, 5, 1.5556);
INSERT INTO `calc_player_position_statistic` VALUES (336, 68, 8, 1, 0.0000);
INSERT INTO `calc_player_position_statistic` VALUES (337, 68, 8, 2, 1.8816);
INSERT INTO `calc_player_position_statistic` VALUES (338, 68, 8, 3, 0.6004);
INSERT INTO `calc_player_position_statistic` VALUES (339, 68, 8, 4, 0.6862);
INSERT INTO `calc_player_position_statistic` VALUES (340, 68, 8, 5, 0.1333);
INSERT INTO `calc_player_position_statistic` VALUES (341, 69, 5, 1, 0.0000);
INSERT INTO `calc_player_position_statistic` VALUES (342, 69, 5, 2, 0.8766);
INSERT INTO `calc_player_position_statistic` VALUES (343, 69, 5, 3, 0.8477);
INSERT INTO `calc_player_position_statistic` VALUES (344, 69, 5, 4, 0.2010);
INSERT INTO `calc_player_position_statistic` VALUES (345, 69, 5, 5, 0.0000);
INSERT INTO `calc_player_position_statistic` VALUES (346, 70, 4, 1, 2.3438);
INSERT INTO `calc_player_position_statistic` VALUES (347, 70, 4, 2, 3.7264);
INSERT INTO `calc_player_position_statistic` VALUES (348, 70, 4, 3, 3.1664);
INSERT INTO `calc_player_position_statistic` VALUES (349, 70, 4, 4, 0.2736);
INSERT INTO `calc_player_position_statistic` VALUES (350, 70, 4, 5, 2.5472);
INSERT INTO `calc_player_position_statistic` VALUES (351, 71, 3, 1, 0.1256);
INSERT INTO `calc_player_position_statistic` VALUES (352, 71, 3, 2, 0.8444);
INSERT INTO `calc_player_position_statistic` VALUES (353, 71, 3, 3, 0.9119);
INSERT INTO `calc_player_position_statistic` VALUES (354, 71, 3, 4, 0.1414);
INSERT INTO `calc_player_position_statistic` VALUES (355, 71, 3, 5, 2.6389);
INSERT INTO `calc_player_position_statistic` VALUES (356, 72, 4, 1, 2.5392);
INSERT INTO `calc_player_position_statistic` VALUES (357, 72, 4, 2, 1.4906);
INSERT INTO `calc_player_position_statistic` VALUES (358, 72, 4, 3, 1.9790);
INSERT INTO `calc_player_position_statistic` VALUES (359, 72, 4, 4, 3.0095);
INSERT INTO `calc_player_position_statistic` VALUES (360, 72, 4, 5, 2.0755);
INSERT INTO `calc_player_position_statistic` VALUES (361, 73, 4, 1, 2.1485);
INSERT INTO `calc_player_position_statistic` VALUES (362, 73, 4, 2, 2.2358);
INSERT INTO `calc_player_position_statistic` VALUES (363, 73, 4, 3, 2.0450);
INSERT INTO `calc_player_position_statistic` VALUES (364, 73, 4, 4, 0.5472);
INSERT INTO `calc_player_position_statistic` VALUES (365, 73, 4, 5, 1.6981);
INSERT INTO `calc_player_position_statistic` VALUES (366, 74, 4, 1, 2.0509);
INSERT INTO `calc_player_position_statistic` VALUES (367, 74, 4, 2, 2.0868);
INSERT INTO `calc_player_position_statistic` VALUES (368, 74, 4, 3, 1.5832);
INSERT INTO `calc_player_position_statistic` VALUES (369, 74, 4, 4, 0.2736);
INSERT INTO `calc_player_position_statistic` VALUES (370, 74, 4, 5, 0.0943);
INSERT INTO `calc_player_position_statistic` VALUES (371, 75, 4, 1, 1.8555);
INSERT INTO `calc_player_position_statistic` VALUES (372, 75, 4, 2, 1.6396);
INSERT INTO `calc_player_position_statistic` VALUES (373, 75, 4, 3, 1.1874);
INSERT INTO `calc_player_position_statistic` VALUES (374, 75, 4, 4, 1.3680);
INSERT INTO `calc_player_position_statistic` VALUES (375, 75, 4, 5, 0.2830);
INSERT INTO `calc_player_position_statistic` VALUES (376, 76, 4, 1, 0.0000);
INSERT INTO `calc_player_position_statistic` VALUES (377, 76, 4, 2, 0.7453);
INSERT INTO `calc_player_position_statistic` VALUES (378, 76, 4, 3, 0.4618);
INSERT INTO `calc_player_position_statistic` VALUES (379, 76, 4, 4, 0.2736);
INSERT INTO `calc_player_position_statistic` VALUES (380, 76, 4, 5, 2.1698);
INSERT INTO `calc_player_position_statistic` VALUES (381, 77, 4, 1, 0.5860);
INSERT INTO `calc_player_position_statistic` VALUES (382, 77, 4, 2, 0.7453);
INSERT INTO `calc_player_position_statistic` VALUES (383, 77, 4, 3, 0.1979);
INSERT INTO `calc_player_position_statistic` VALUES (384, 77, 4, 4, 2.4623);
INSERT INTO `calc_player_position_statistic` VALUES (385, 77, 4, 5, 1.3208);
INSERT INTO `calc_player_position_statistic` VALUES (386, 78, 4, 1, 0.5860);
INSERT INTO `calc_player_position_statistic` VALUES (387, 78, 4, 2, 0.0000);
INSERT INTO `calc_player_position_statistic` VALUES (388, 78, 4, 3, 0.0000);
INSERT INTO `calc_player_position_statistic` VALUES (389, 78, 4, 4, 0.0000);
INSERT INTO `calc_player_position_statistic` VALUES (390, 78, 4, 5, 2.8302);
INSERT INTO `calc_player_position_statistic` VALUES (391, 79, 4, 1, 0.0000);
INSERT INTO `calc_player_position_statistic` VALUES (392, 79, 4, 2, 0.7453);
INSERT INTO `calc_player_position_statistic` VALUES (393, 79, 4, 3, 0.5277);
INSERT INTO `calc_player_position_statistic` VALUES (394, 79, 4, 4, 0.2736);
INSERT INTO `calc_player_position_statistic` VALUES (395, 79, 4, 5, 0.6604);
INSERT INTO `calc_player_position_statistic` VALUES (396, 80, 4, 1, 0.0977);
INSERT INTO `calc_player_position_statistic` VALUES (397, 80, 4, 2, 1.0434);
INSERT INTO `calc_player_position_statistic` VALUES (398, 80, 4, 3, 0.0660);
INSERT INTO `calc_player_position_statistic` VALUES (399, 80, 4, 4, 0.2736);
INSERT INTO `calc_player_position_statistic` VALUES (400, 80, 4, 5, 0.0000);
COMMIT;

-- ----------------------------
-- Table structure for calc_position_statistic
-- ----------------------------
DROP TABLE IF EXISTS `calc_position_statistic`;
CREATE TABLE `calc_position_statistic` (
  `id` int(11) NOT NULL AUTO_INCREMENT,
  `position_id` int(11) DEFAULT NULL,
  `statistic_id` int(11) DEFAULT NULL,
  `statistic_stdev` decimal(10,4) DEFAULT NULL,
  `statistic_floor` decimal(10,4) DEFAULT NULL,
  PRIMARY KEY (`id`)
) ENGINE=InnoDB AUTO_INCREMENT=64 DEFAULT CHARSET=utf8mb4 COLLATE=utf8mb4_unicode_ci;

-- ----------------------------
-- Records of calc_position_statistic
-- ----------------------------
BEGIN;
INSERT INTO `calc_position_statistic` VALUES (1, 1, 1, 10.0005, 78.0000);
INSERT INTO `calc_position_statistic` VALUES (2, 1, 2, 4.4373, 29.0000);
INSERT INTO `calc_position_statistic` VALUES (3, 1, 3, 8.4119, 88.0000);
INSERT INTO `calc_position_statistic` VALUES (4, 1, 4, 2.4678, 0.0000);
INSERT INTO `calc_position_statistic` VALUES (5, 1, 5, 0.0170, 0.2560);
INSERT INTO `calc_position_statistic` VALUES (6, 2, 1, 7.2139, 86.0000);
INSERT INTO `calc_position_statistic` VALUES (7, 2, 2, 6.2322, 12.0000);
INSERT INTO `calc_position_statistic` VALUES (8, 2, 3, 8.8521, 65.0000);
INSERT INTO `calc_position_statistic` VALUES (9, 2, 4, 9.2309, 3.0000);
INSERT INTO `calc_position_statistic` VALUES (10, 2, 5, 0.0173, 0.2520);
INSERT INTO `calc_position_statistic` VALUES (11, 3, 1, 7.9649, 78.0000);
INSERT INTO `calc_position_statistic` VALUES (12, 3, 2, 7.1056, 15.0000);
INSERT INTO `calc_position_statistic` VALUES (13, 3, 3, 14.2562, 66.0000);
INSERT INTO `calc_position_statistic` VALUES (14, 3, 4, 7.0718, 0.0000);
INSERT INTO `calc_position_statistic` VALUES (15, 3, 5, 0.0072, 0.2640);
INSERT INTO `calc_position_statistic` VALUES (16, 4, 1, 10.2396, 50.0000);
INSERT INTO `calc_position_statistic` VALUES (17, 4, 2, 6.7089, 12.0000);
INSERT INTO `calc_position_statistic` VALUES (18, 4, 3, 15.1592, 51.0000);
INSERT INTO `calc_position_statistic` VALUES (19, 4, 4, 3.6551, 0.0000);
INSERT INTO `calc_position_statistic` VALUES (20, 4, 5, 0.0106, 0.2420);
INSERT INTO `calc_position_statistic` VALUES (21, 5, 1, 10.6231, 84.0000);
INSERT INTO `calc_position_statistic` VALUES (22, 5, 2, 7.9850, 17.0000);
INSERT INTO `calc_position_statistic` VALUES (23, 5, 3, 14.1566, 63.0000);
INSERT INTO `calc_position_statistic` VALUES (24, 5, 4, 9.9519, 5.0000);
INSERT INTO `calc_position_statistic` VALUES (25, 5, 5, 0.0096, 0.2650);
INSERT INTO `calc_position_statistic` VALUES (26, 6, 1, 5.3442, 76.0000);
INSERT INTO `calc_position_statistic` VALUES (27, 6, 2, 7.1449, 15.0000);
INSERT INTO `calc_position_statistic` VALUES (28, 6, 3, 12.2315, 66.0000);
INSERT INTO `calc_position_statistic` VALUES (29, 6, 4, 4.7371, 1.0000);
INSERT INTO `calc_position_statistic` VALUES (30, 6, 5, 0.0225, 0.2160);
INSERT INTO `calc_position_statistic` VALUES (31, 7, 1, 11.3071, 77.0000);
INSERT INTO `calc_position_statistic` VALUES (32, 7, 2, 4.0792, 23.0000);
INSERT INTO `calc_position_statistic` VALUES (33, 7, 3, 9.7165, 75.0000);
INSERT INTO `calc_position_statistic` VALUES (34, 7, 4, 7.4706, 1.0000);
INSERT INTO `calc_position_statistic` VALUES (35, 7, 5, 0.0181, 0.2540);
INSERT INTO `calc_position_statistic` VALUES (36, 8, 1, 6.7387, 82.0000);
INSERT INTO `calc_position_statistic` VALUES (37, 8, 2, 3.7202, 18.0000);
INSERT INTO `calc_position_statistic` VALUES (38, 8, 3, 8.3283, 69.0000);
INSERT INTO `calc_position_statistic` VALUES (39, 8, 4, 7.2863, 1.0000);
INSERT INTO `calc_position_statistic` VALUES (40, 8, 5, 0.0150, 0.2580);
COMMIT;

-- ----------------------------
-- Table structure for calc_strategy_alpha
-- ----------------------------
DROP TABLE IF EXISTS `calc_strategy_alpha`;
CREATE TABLE `calc_strategy_alpha` (
  `id` int(11) NOT NULL AUTO_INCREMENT,
  `strategy_id` int(11) DEFAULT NULL,
  `alpha_sum` decimal(10,4) DEFAULT NULL,
  PRIMARY KEY (`id`)
) ENGINE=InnoDB DEFAULT CHARSET=utf8mb4 COLLATE=utf8mb4_unicode_ci;

-- ----------------------------
-- Records of calc_strategy_alpha
-- ----------------------------
BEGIN;
COMMIT;

-- ----------------------------
-- Table structure for calc_strategy_player
-- ----------------------------
DROP TABLE IF EXISTS `calc_strategy_player`;
CREATE TABLE `calc_strategy_player` (
  `id` int(11) NOT NULL AUTO_INCREMENT,
  `strategy_id` int(11) DEFAULT NULL,
  `player_id` int(11) DEFAULT NULL,
  `player_value` decimal(10,4) DEFAULT NULL,
  `auction_total` decimal(10,4) DEFAULT NULL,
  `auction_value` decimal(10,4) DEFAULT NULL,
  `auction_alpha` decimal(10,4) DEFAULT NULL,
  PRIMARY KEY (`id`)
) ENGINE=InnoDB AUTO_INCREMENT=2048 DEFAULT CHARSET=utf8mb4 COLLATE=utf8mb4_unicode_ci;

-- ----------------------------
-- Records of calc_strategy_player
-- ----------------------------
BEGIN;
INSERT INTO `calc_strategy_player` VALUES (1, 1, 1, 14.8874, 55.8005, 50.8677, 1.1677);
INSERT INTO `calc_strategy_player` VALUES (2, 1, 2, 14.9936, 56.1914, 51.2586, -2.8414);
INSERT INTO `calc_strategy_player` VALUES (3, 1, 3, 13.0893, 49.1817, 44.2489, -5.6511);
INSERT INTO `calc_strategy_player` VALUES (4, 1, 4, 12.3831, 46.5822, 41.6494, -2.9506);
INSERT INTO `calc_strategy_player` VALUES (5, 1, 5, 14.2956, 53.6221, 48.6893, -3.6107);
INSERT INTO `calc_strategy_player` VALUES (6, 1, 6, 9.8995, 37.4401, 32.5073, -7.4927);
INSERT INTO `calc_strategy_player` VALUES (7, 1, 7, 9.3664, 35.4777, 30.5449, -9.6551);
INSERT INTO `calc_strategy_player` VALUES (8, 1, 8, 14.2408, 53.4204, 48.4876, 0.6876);
INSERT INTO `calc_strategy_player` VALUES (9, 1, 9, 11.7575, 44.2794, 39.3466, -5.9534);
INSERT INTO `calc_strategy_player` VALUES (10, 1, 10, 12.4834, 46.9514, 42.0186, 6.7186);
INSERT INTO `calc_strategy_player` VALUES (11, 1, 11, 8.7810, 33.3229, 28.3901, 0.9901);
INSERT INTO `calc_strategy_player` VALUES (12, 1, 12, 9.0436, 34.2895, 29.3567, -14.4433);
INSERT INTO `calc_strategy_player` VALUES (13, 1, 13, 13.7519, 51.6207, 46.6879, 15.4879);
INSERT INTO `calc_strategy_player` VALUES (14, 1, 14, 14.5962, 54.7286, 49.7958, 3.7958);
INSERT INTO `calc_strategy_player` VALUES (15, 1, 15, 9.6009, 36.3409, 31.4081, -1.8919);
INSERT INTO `calc_strategy_player` VALUES (16, 1, 16, 10.1185, 38.2462, 33.3134, 4.1134);
INSERT INTO `calc_strategy_player` VALUES (17, 1, 17, 7.9212, 30.1579, 25.2251, 4.0251);
INSERT INTO `calc_strategy_player` VALUES (18, 1, 18, 10.7318, 40.5038, 35.5710, 6.3710);
INSERT INTO `calc_strategy_player` VALUES (19, 1, 19, 9.4369, 35.7372, 30.8044, 19.2044);
INSERT INTO `calc_strategy_player` VALUES (20, 1, 20, 6.9177, 26.4641, 21.5313, -4.6687);
INSERT INTO `calc_strategy_player` VALUES (21, 1, 21, 6.3123, 24.2356, 19.3028, -1.4972);
INSERT INTO `calc_strategy_player` VALUES (22, 1, 22, 10.1711, 38.4398, 33.5070, 1.6070);
INSERT INTO `calc_strategy_player` VALUES (23, 1, 23, 6.2279, 23.9249, 18.9921, 5.1921);
INSERT INTO `calc_strategy_player` VALUES (24, 1, 24, 7.1610, 27.3596, 22.4268, 2.8268);
INSERT INTO `calc_strategy_player` VALUES (25, 1, 25, 7.1988, 27.4988, 22.5660, -12.7340);
INSERT INTO `calc_strategy_player` VALUES (26, 1, 26, 4.4124, 17.2420, 12.3092, -12.9908);
INSERT INTO `calc_strategy_player` VALUES (27, 1, 27, 8.2685, 31.4363, 26.5035, 2.8035);
INSERT INTO `calc_strategy_player` VALUES (28, 1, 28, 8.6662, 32.9003, 27.9675, 0.1675);
INSERT INTO `calc_strategy_player` VALUES (29, 1, 29, 7.3647, 28.1095, 23.1767, 4.4767);
INSERT INTO `calc_strategy_player` VALUES (30, 1, 30, 8.2242, 31.2733, 26.3405, 5.8405);
INSERT INTO `calc_strategy_player` VALUES (31, 1, 31, 8.0791, 30.7392, 25.8064, -0.7936);
INSERT INTO `calc_strategy_player` VALUES (32, 1, 32, 8.8518, 33.5835, 28.6507, 8.3507);
INSERT INTO `calc_strategy_player` VALUES (33, 1, 33, 9.1735, 34.7677, 29.8349, 5.8349);
INSERT INTO `calc_strategy_player` VALUES (34, 1, 34, 5.0533, 19.6012, 14.6684, -5.9316);
INSERT INTO `calc_strategy_player` VALUES (35, 1, 35, 8.8457, 33.5610, 28.6282, 4.6282);
INSERT INTO `calc_strategy_player` VALUES (36, 1, 36, 8.1207, 30.8923, 25.9595, 11.7595);
INSERT INTO `calc_strategy_player` VALUES (37, 1, 37, 7.8669, 29.9581, 25.0253, 12.7253);
INSERT INTO `calc_strategy_player` VALUES (38, 1, 38, 6.0623, 23.3153, 18.3825, -4.7175);
INSERT INTO `calc_strategy_player` VALUES (39, 1, 39, 5.0348, 19.5331, 14.6003, -5.6997);
INSERT INTO `calc_strategy_player` VALUES (40, 1, 40, 5.8837, 22.6579, 17.7251, -4.2749);
INSERT INTO `calc_strategy_player` VALUES (41, 1, 41, 7.1491, 27.3158, 22.3830, 5.1830);
INSERT INTO `calc_strategy_player` VALUES (42, 1, 42, 6.0900, 23.4173, 18.4845, 0.1845);
INSERT INTO `calc_strategy_player` VALUES (43, 1, 43, 7.3826, 28.1754, 23.2426, 10.7426);
INSERT INTO `calc_strategy_player` VALUES (44, 1, 44, 10.2318, 38.6633, 33.7305, 15.5305);
INSERT INTO `calc_strategy_player` VALUES (45, 1, 45, 6.0047, 23.1033, 18.1705, -3.2295);
INSERT INTO `calc_strategy_player` VALUES (46, 1, 46, 4.1966, 16.4477, 11.5149, -2.1851);
INSERT INTO `calc_strategy_player` VALUES (47, 1, 47, 6.8703, 26.2896, 21.3568, 10.9568);
INSERT INTO `calc_strategy_player` VALUES (48, 1, 48, 5.8410, 22.5007, 17.5679, -1.5321);
INSERT INTO `calc_strategy_player` VALUES (49, 1, 49, 7.8670, 29.9584, 25.0256, 8.1256);
INSERT INTO `calc_strategy_player` VALUES (50, 1, 50, 7.7458, 29.5123, 24.5795, 1.1795);
INSERT INTO `calc_strategy_player` VALUES (51, 1, 51, 7.4915, 28.5762, 23.6434, 0.8434);
INSERT INTO `calc_strategy_player` VALUES (52, 1, 52, 2.1758, 9.0091, 4.0763, -3.7237);
INSERT INTO `calc_strategy_player` VALUES (53, 1, 53, 1.0684, 4.9328, 0.0000, -4.7000);
INSERT INTO `calc_strategy_player` VALUES (54, 1, 54, 5.0244, 19.4948, 14.5620, -11.2380);
INSERT INTO `calc_strategy_player` VALUES (55, 1, 55, 11.6626, 43.9300, 38.9972, 21.6972);
INSERT INTO `calc_strategy_player` VALUES (56, 1, 56, 4.1337, 16.2161, 11.2833, -11.1167);
INSERT INTO `calc_strategy_player` VALUES (57, 1, 57, 5.6662, 21.8573, 16.9245, -17.3755);
INSERT INTO `calc_strategy_player` VALUES (58, 1, 58, 5.4510, 21.0651, 16.1323, 0.3323);
INSERT INTO `calc_strategy_player` VALUES (59, 1, 59, 2.9773, 11.9594, 7.0266, -1.5734);
INSERT INTO `calc_strategy_player` VALUES (60, 1, 60, 5.8115, 22.3921, 17.4593, 14.3593);
INSERT INTO `calc_strategy_player` VALUES (61, 1, 61, 2.8736, 11.5777, 6.6449, -2.7551);
INSERT INTO `calc_strategy_player` VALUES (62, 1, 62, 5.5469, 21.4181, 16.4853, 3.5853);
INSERT INTO `calc_strategy_player` VALUES (63, 1, 63, 2.4934, 10.1782, 5.2454, -7.0546);
INSERT INTO `calc_strategy_player` VALUES (64, 1, 64, 5.2414, 20.2936, 15.3608, 0.9608);
INSERT INTO `calc_strategy_player` VALUES (65, 1, 65, 4.5465, 17.7357, 12.8029, -3.2971);
INSERT INTO `calc_strategy_player` VALUES (66, 1, 66, 9.6505, 36.5235, 31.5907, 25.5907);
INSERT INTO `calc_strategy_player` VALUES (67, 1, 67, 6.4244, 24.6482, 19.7154, 9.8154);
INSERT INTO `calc_strategy_player` VALUES (68, 1, 68, 3.3015, 13.1528, 8.2200, 4.5200);
INSERT INTO `calc_strategy_player` VALUES (69, 1, 69, 1.9253, 8.0870, 3.1542, -12.1458);
INSERT INTO `calc_strategy_player` VALUES (70, 1, 70, 12.0574, 45.3833, 40.4505, 15.0505);
INSERT INTO `calc_strategy_player` VALUES (71, 1, 71, 4.6622, 18.1616, 13.2288, 10.2288);
INSERT INTO `calc_strategy_player` VALUES (72, 1, 72, 11.0938, 41.8363, 36.9035, 22.6035);
INSERT INTO `calc_strategy_player` VALUES (73, 1, 73, 8.6746, 32.9312, 27.9984, 14.0984);
INSERT INTO `calc_strategy_player` VALUES (74, 1, 74, 6.0888, 23.4129, 18.4801, 12.2801);
INSERT INTO `calc_strategy_player` VALUES (75, 1, 75, 6.3335, 24.3136, 19.3808, 13.7808);
INSERT INTO `calc_strategy_player` VALUES (76, 1, 76, 3.6505, 14.4375, 9.5047, 7.6047);
INSERT INTO `calc_strategy_player` VALUES (77, 1, 77, 5.3123, 20.5546, 15.6218, 12.2218);
INSERT INTO `calc_strategy_player` VALUES (78, 1, 78, 3.4162, 13.5750, 8.6422, 7.2422);
INSERT INTO `calc_strategy_player` VALUES (79, 1, 79, 2.2070, 9.1240, 4.1912, 2.0912);
INSERT INTO `calc_strategy_player` VALUES (80, 1, 80, 1.4807, 6.4505, 1.5177, 0.3177);
INSERT INTO `calc_strategy_player` VALUES (81, 2, 1, 11.1857, 53.2048, 49.4699, -0.2301);
INSERT INTO `calc_strategy_player` VALUES (82, 2, 2, 12.1811, 57.8504, 54.1155, 0.0155);
INSERT INTO `calc_strategy_player` VALUES (83, 2, 3, 9.8540, 46.9896, 43.2547, -6.6453);
INSERT INTO `calc_strategy_player` VALUES (84, 2, 4, 10.3389, 49.2527, 45.5178, 0.9178);
INSERT INTO `calc_strategy_player` VALUES (85, 2, 5, 11.0008, 52.3418, 48.6069, -3.6931);
INSERT INTO `calc_strategy_player` VALUES (86, 2, 6, 6.8787, 33.1036, 29.3687, -10.6313);
INSERT INTO `calc_strategy_player` VALUES (87, 2, 7, 6.7193, 32.3596, 28.6247, -11.5753);
INSERT INTO `calc_strategy_player` VALUES (88, 2, 8, 12.4352, 59.0363, 55.3014, 7.5014);
INSERT INTO `calc_strategy_player` VALUES (89, 2, 9, 10.0448, 47.8801, 44.1452, -1.1548);
INSERT INTO `calc_strategy_player` VALUES (90, 2, 10, 9.5667, 45.6487, 41.9138, 6.6138);
INSERT INTO `calc_strategy_player` VALUES (91, 2, 11, 6.9060, 33.2310, 29.4961, 2.0961);
INSERT INTO `calc_strategy_player` VALUES (92, 2, 12, 7.0644, 33.9703, 30.2354, -13.5646);
INSERT INTO `calc_strategy_player` VALUES (93, 2, 13, 10.6408, 50.6617, 46.9268, 15.7268);
INSERT INTO `calc_strategy_player` VALUES (94, 2, 14, 11.9962, 56.9875, 53.2526, 7.2526);
INSERT INTO `calc_strategy_player` VALUES (95, 2, 15, 7.9987, 38.3307, 34.5958, 1.2958);
INSERT INTO `calc_strategy_player` VALUES (96, 2, 16, 7.7852, 37.3343, 33.5994, 4.3994);
INSERT INTO `calc_strategy_player` VALUES (97, 2, 17, 6.1532, 29.7176, 25.9827, 4.7827);
INSERT INTO `calc_strategy_player` VALUES (98, 2, 18, 8.3707, 40.0669, 36.3320, 7.1320);
INSERT INTO `calc_strategy_player` VALUES (99, 2, 19, 6.1480, 29.6933, 25.9584, 14.3584);
INSERT INTO `calc_strategy_player` VALUES (100, 2, 20, 6.5648, 31.6386, 27.9037, 1.7037);
INSERT INTO `calc_strategy_player` VALUES (101, 2, 21, 4.8417, 23.5967, 19.8618, -0.9382);
INSERT INTO `calc_strategy_player` VALUES (102, 2, 22, 8.9572, 42.8041, 39.0692, 7.1692);
INSERT INTO `calc_strategy_player` VALUES (103, 2, 23, 3.5111, 17.3867, 13.6518, -0.1482);
INSERT INTO `calc_strategy_player` VALUES (104, 2, 24, 6.8669, 33.0485, 29.3136, 9.7136);
INSERT INTO `calc_strategy_player` VALUES (105, 2, 25, 4.4905, 21.9576, 18.2227, -17.0773);
INSERT INTO `calc_strategy_player` VALUES (106, 2, 26, 3.6832, 18.1899, 14.4550, -10.8450);
INSERT INTO `calc_strategy_player` VALUES (107, 2, 27, 5.9074, 28.5704, 24.8355, 1.1355);
INSERT INTO `calc_strategy_player` VALUES (108, 2, 28, 5.7995, 28.0668, 24.3319, -3.4681);
INSERT INTO `calc_strategy_player` VALUES (109, 2, 29, 5.0314, 24.4820, 20.7471, 2.0471);
INSERT INTO `calc_strategy_player` VALUES (110, 2, 30, 6.7213, 32.3690, 28.6341, 8.1341);
INSERT INTO `calc_strategy_player` VALUES (111, 2, 31, 7.4433, 35.7386, 32.0037, 5.4037);
INSERT INTO `calc_strategy_player` VALUES (112, 2, 32, 6.0962, 29.4516, 25.7167, 5.4167);
INSERT INTO `calc_strategy_player` VALUES (113, 2, 33, 8.7068, 41.6355, 37.9006, 13.9006);
INSERT INTO `calc_strategy_player` VALUES (114, 2, 34, 4.7408, 23.1258, 19.3909, -1.2091);
INSERT INTO `calc_strategy_player` VALUES (115, 2, 35, 7.6302, 36.6109, 32.8760, 8.8760);
INSERT INTO `calc_strategy_player` VALUES (116, 2, 36, 4.7429, 23.1356, 19.4007, 5.2007);
INSERT INTO `calc_strategy_player` VALUES (117, 2, 37, 6.5952, 31.7805, 28.0456, 15.7456);
INSERT INTO `calc_strategy_player` VALUES (118, 2, 38, 4.0623, 19.9592, 16.2243, -6.8757);
INSERT INTO `calc_strategy_player` VALUES (119, 2, 39, 4.1524, 20.3797, 16.6448, -3.6552);
INSERT INTO `calc_strategy_player` VALUES (120, 2, 40, 5.8837, 28.4598, 24.7249, 2.7249);
INSERT INTO `calc_strategy_player` VALUES (121, 2, 41, 5.6824, 27.5203, 23.7854, 6.5854);
INSERT INTO `calc_strategy_player` VALUES (122, 2, 42, 5.2060, 25.2969, 21.5620, 3.2620);
INSERT INTO `calc_strategy_player` VALUES (123, 2, 43, 7.1064, 34.1663, 30.4314, 17.9314);
INSERT INTO `calc_strategy_player` VALUES (124, 2, 44, 7.9207, 37.9667, 34.2318, 16.0318);
INSERT INTO `calc_strategy_player` VALUES (125, 2, 45, 4.7547, 23.1907, 19.4558, -1.9442);
INSERT INTO `calc_strategy_player` VALUES (126, 2, 46, 3.4319, 17.0170, 13.2821, -0.4179);
INSERT INTO `calc_strategy_player` VALUES (127, 2, 47, 6.6969, 32.2551, 28.5202, 18.1202);
INSERT INTO `calc_strategy_player` VALUES (128, 2, 48, 4.5910, 22.4267, 18.6918, -0.4082);
INSERT INTO `calc_strategy_player` VALUES (129, 2, 49, 7.8670, 37.7161, 33.9812, 17.0812);
INSERT INTO `calc_strategy_player` VALUES (130, 2, 50, 7.7458, 37.1504, 33.4155, 10.0155);
INSERT INTO `calc_strategy_player` VALUES (131, 2, 51, 4.9137, 23.9327, 20.1978, -2.6022);
INSERT INTO `calc_strategy_player` VALUES (132, 2, 52, 1.4699, 7.8602, 4.1253, -3.6747);
INSERT INTO `calc_strategy_player` VALUES (133, 2, 53, 1.0684, 5.9863, 2.2514, -2.4486);
INSERT INTO `calc_strategy_player` VALUES (134, 2, 54, 3.2325, 16.0864, 12.3515, -13.4485);
INSERT INTO `calc_strategy_player` VALUES (135, 2, 55, 9.5293, 45.4742, 41.7393, 24.4393);
INSERT INTO `calc_strategy_player` VALUES (136, 2, 56, 3.4707, 17.1981, 13.4632, -8.9368);
INSERT INTO `calc_strategy_player` VALUES (137, 2, 57, 3.7912, 18.6939, 14.9590, -19.3410);
INSERT INTO `calc_strategy_player` VALUES (138, 2, 58, 4.6996, 22.9335, 19.1986, 3.3986);
INSERT INTO `calc_strategy_player` VALUES (139, 2, 59, 1.7773, 9.2948, 5.5599, -3.0401);
INSERT INTO `calc_strategy_player` VALUES (140, 2, 60, 2.3893, 12.1511, 8.4162, 5.3162);
INSERT INTO `calc_strategy_player` VALUES (141, 2, 61, 2.3180, 11.8183, 8.0834, -1.3166);
INSERT INTO `calc_strategy_player` VALUES (142, 2, 62, 2.2136, 11.3311, 7.5962, -5.3038);
INSERT INTO `calc_strategy_player` VALUES (143, 2, 63, 1.8463, 9.6169, 5.8820, -6.4180);
INSERT INTO `calc_strategy_player` VALUES (144, 2, 64, 5.2414, 25.4621, 21.7272, 7.3272);
INSERT INTO `calc_strategy_player` VALUES (145, 2, 65, 2.7409, 13.7921, 10.0572, -6.0428);
INSERT INTO `calc_strategy_player` VALUES (146, 2, 66, 9.6505, 46.0398, 42.3049, 36.3049);
INSERT INTO `calc_strategy_player` VALUES (147, 2, 67, 4.8688, 23.7232, 19.9883, 10.0883);
INSERT INTO `calc_strategy_player` VALUES (148, 2, 68, 3.1682, 15.7863, 12.0514, 8.3514);
INSERT INTO `calc_strategy_player` VALUES (149, 2, 69, 1.9253, 9.9856, 6.2507, -9.0493);
INSERT INTO `calc_strategy_player` VALUES (150, 2, 70, 9.5102, 45.3851, 41.6502, 16.2502);
INSERT INTO `calc_strategy_player` VALUES (151, 2, 71, 2.0233, 10.4429, 6.7080, 3.7080);
INSERT INTO `calc_strategy_player` VALUES (152, 2, 72, 9.0183, 43.0893, 39.3544, 25.0544);
INSERT INTO `calc_strategy_player` VALUES (153, 2, 73, 6.9765, 33.5600, 29.8251, 15.9251);
INSERT INTO `calc_strategy_player` VALUES (154, 2, 74, 5.9945, 28.9769, 25.2420, 19.0420);
INSERT INTO `calc_strategy_player` VALUES (155, 2, 75, 6.0505, 29.2383, 25.5034, 19.9034);
INSERT INTO `calc_strategy_player` VALUES (156, 2, 76, 1.4807, 7.9106, 4.1757, 2.2757);
INSERT INTO `calc_strategy_player` VALUES (157, 2, 77, 3.9915, 19.6287, 15.8938, 12.4938);
INSERT INTO `calc_strategy_player` VALUES (158, 2, 78, 0.5860, 3.7349, 0.0000, -1.4000);
INSERT INTO `calc_strategy_player` VALUES (159, 2, 79, 1.5466, 8.2181, 4.4832, 2.3832);
INSERT INTO `calc_strategy_player` VALUES (160, 2, 80, 1.4807, 7.9106, 4.1757, 2.9757);
INSERT INTO `calc_strategy_player` VALUES (161, 3, 1, 13.4150, 58.8227, 54.9641, 5.2641);
INSERT INTO `calc_strategy_player` VALUES (162, 3, 2, 12.6825, 55.6654, 51.8068, -2.2932);
INSERT INTO `calc_strategy_player` VALUES (163, 3, 3, 11.8736, 52.1788, 48.3202, -1.5798);
INSERT INTO `calc_strategy_player` VALUES (164, 3, 4, 10.6429, 46.8741, 43.0155, -1.5845);
INSERT INTO `calc_strategy_player` VALUES (165, 3, 5, 11.2623, 49.5439, 45.6853, -6.6147);
INSERT INTO `calc_strategy_player` VALUES (166, 3, 6, 9.5981, 42.3707, 38.5121, -1.4879);
INSERT INTO `calc_strategy_player` VALUES (167, 3, 7, 6.5299, 29.1458, 25.2872, -14.9128);
INSERT INTO `calc_strategy_player` VALUES (168, 3, 8, 10.7056, 47.1443, 43.2857, -4.5143);
INSERT INTO `calc_strategy_player` VALUES (169, 3, 9, 8.8126, 38.9849, 35.1263, -10.1737);
INSERT INTO `calc_strategy_player` VALUES (170, 3, 10, 11.7764, 51.7598, 47.9012, 12.6012);
INSERT INTO `calc_strategy_player` VALUES (171, 3, 11, 8.7810, 38.8487, 34.9901, 7.5901);
INSERT INTO `calc_strategy_player` VALUES (172, 3, 12, 7.9383, 35.2165, 31.3579, -12.4421);
INSERT INTO `calc_strategy_player` VALUES (173, 3, 13, 13.5408, 59.3649, 55.5063, 24.3063);
INSERT INTO `calc_strategy_player` VALUES (174, 3, 14, 11.8513, 52.0827, 48.2241, 2.2241);
INSERT INTO `calc_strategy_player` VALUES (175, 3, 15, 7.3253, 32.5742, 28.7156, -4.5844);
INSERT INTO `calc_strategy_player` VALUES (176, 3, 16, 9.2950, 41.0642, 37.2056, 8.0056);
INSERT INTO `calc_strategy_player` VALUES (177, 3, 17, 7.6535, 33.9889, 30.1303, 8.9303);
INSERT INTO `calc_strategy_player` VALUES (178, 3, 18, 9.1763, 40.5526, 36.6940, 7.4940);
INSERT INTO `calc_strategy_player` VALUES (179, 3, 19, 8.5925, 38.0363, 34.1777, 22.5777);
INSERT INTO `calc_strategy_player` VALUES (180, 3, 20, 5.7020, 25.5773, 21.7187, -4.4813);
INSERT INTO `calc_strategy_player` VALUES (181, 3, 21, 3.0705, 14.2348, 10.3762, -10.4238);
INSERT INTO `calc_strategy_player` VALUES (182, 3, 22, 8.5461, 37.8363, 33.9777, 2.0777);
INSERT INTO `calc_strategy_player` VALUES (183, 3, 23, 5.9029, 26.4433, 22.5847, 8.7847);
INSERT INTO `calc_strategy_player` VALUES (184, 3, 24, 6.3506, 28.3730, 24.5144, 4.9144);
INSERT INTO `calc_strategy_player` VALUES (185, 3, 25, 5.9930, 26.8316, 22.9730, -12.3270);
INSERT INTO `calc_strategy_player` VALUES (186, 3, 26, 2.2018, 10.4904, 6.6318, -18.6682);
INSERT INTO `calc_strategy_player` VALUES (187, 3, 27, 8.2685, 36.6397, 32.7811, 9.0811);
INSERT INTO `calc_strategy_player` VALUES (188, 3, 28, 6.1958, 27.7058, 23.8472, -3.9528);
INSERT INTO `calc_strategy_player` VALUES (189, 3, 29, 7.0902, 31.5609, 27.7023, 9.0023);
INSERT INTO `calc_strategy_player` VALUES (190, 3, 30, 7.8992, 35.0479, 31.1893, 10.6893);
INSERT INTO `calc_strategy_player` VALUES (191, 3, 31, 7.1041, 31.6208, 27.7622, 1.1622);
INSERT INTO `calc_strategy_player` VALUES (192, 3, 32, 8.8518, 39.1539, 35.2953, 14.9953);
INSERT INTO `calc_strategy_player` VALUES (193, 3, 33, 6.2914, 28.1178, 24.2592, 0.2592);
INSERT INTO `calc_strategy_player` VALUES (194, 3, 34, 4.9528, 22.3481, 18.4895, -2.1105);
INSERT INTO `calc_strategy_player` VALUES (195, 3, 35, 7.5071, 33.3579, 29.4993, 5.4993);
INSERT INTO `calc_strategy_player` VALUES (196, 3, 36, 7.9096, 35.0927, 31.2341, 17.0341);
INSERT INTO `calc_strategy_player` VALUES (197, 3, 37, 7.1086, 31.6402, 27.7816, 15.4816);
INSERT INTO `calc_strategy_player` VALUES (198, 3, 38, 5.1016, 22.9894, 19.1308, -3.9692);
INSERT INTO `calc_strategy_player` VALUES (199, 3, 39, 4.6296, 20.9550, 17.0964, -3.2036);
INSERT INTO `calc_strategy_player` VALUES (200, 3, 40, 5.6009, 25.1416, 21.2830, -0.7170);
INSERT INTO `calc_strategy_player` VALUES (201, 3, 41, 7.1491, 31.8148, 27.9562, 10.7562);
INSERT INTO `calc_strategy_player` VALUES (202, 3, 42, 6.0900, 27.2497, 23.3911, 5.0911);
INSERT INTO `calc_strategy_player` VALUES (203, 3, 43, 7.1149, 31.6674, 27.8088, 15.3088);
INSERT INTO `calc_strategy_player` VALUES (204, 3, 44, 7.4875, 33.2734, 29.4148, 11.2148);
INSERT INTO `calc_strategy_player` VALUES (205, 3, 45, 5.7219, 25.6631, 21.8045, 0.4045);
INSERT INTO `calc_strategy_player` VALUES (206, 3, 46, 3.3862, 15.5955, 11.7369, -1.9631);
INSERT INTO `calc_strategy_player` VALUES (207, 3, 47, 6.8703, 30.6131, 26.7545, 16.3545);
INSERT INTO `calc_strategy_player` VALUES (208, 3, 48, 4.6352, 20.9791, 17.1205, -1.9795);
INSERT INTO `calc_strategy_player` VALUES (209, 3, 49, 7.4337, 33.0415, 29.1829, 12.2829);
INSERT INTO `calc_strategy_player` VALUES (210, 3, 50, 5.8244, 26.1049, 22.2463, -1.1537);
INSERT INTO `calc_strategy_player` VALUES (211, 3, 51, 7.4915, 33.2906, 29.4320, 6.6320);
INSERT INTO `calc_strategy_player` VALUES (212, 3, 52, 2.1758, 10.3784, 6.5198, -1.2802);
INSERT INTO `calc_strategy_player` VALUES (213, 3, 53, 0.6632, 3.8586, 0.0000, -4.7000);
INSERT INTO `calc_strategy_player` VALUES (214, 3, 54, 2.2078, 10.5163, 6.6577, -19.1423);
INSERT INTO `calc_strategy_player` VALUES (215, 3, 55, 8.9183, 39.4405, 35.5819, 18.2819);
INSERT INTO `calc_strategy_player` VALUES (216, 3, 56, 1.7243, 8.4323, 4.5737, -17.8263);
INSERT INTO `calc_strategy_player` VALUES (217, 3, 57, 2.6517, 12.4296, 8.5710, -25.7290);
INSERT INTO `calc_strategy_player` VALUES (218, 3, 58, 4.5843, 20.7597, 16.9011, 1.1011);
INSERT INTO `calc_strategy_player` VALUES (219, 3, 59, 2.1538, 10.2835, 6.4249, -2.1751);
INSERT INTO `calc_strategy_player` VALUES (220, 3, 60, 4.5449, 20.5899, 16.7313, 13.6313);
INSERT INTO `calc_strategy_player` VALUES (221, 3, 61, 2.3080, 10.9482, 7.0896, -2.3104);
INSERT INTO `calc_strategy_player` VALUES (222, 3, 62, 4.8399, 21.8614, 18.0028, 5.1028);
INSERT INTO `calc_strategy_player` VALUES (223, 3, 63, 0.8725, 4.7607, 0.9021, -11.3979);
INSERT INTO `calc_strategy_player` VALUES (224, 3, 64, 4.9737, 22.4381, 18.5795, 4.1795);
INSERT INTO `calc_strategy_player` VALUES (225, 3, 65, 4.2637, 19.3778, 15.5192, -0.5808);
INSERT INTO `calc_strategy_player` VALUES (226, 3, 66, 8.5950, 38.0470, 34.1884, 28.1884);
INSERT INTO `calc_strategy_player` VALUES (227, 3, 67, 6.2133, 27.7812, 23.9226, 14.0226);
INSERT INTO `calc_strategy_player` VALUES (228, 3, 68, 2.6153, 12.2727, 8.4141, 4.7141);
INSERT INTO `calc_strategy_player` VALUES (229, 3, 69, 1.7243, 8.4323, 4.5737, -10.7263);
INSERT INTO `calc_strategy_player` VALUES (230, 3, 70, 11.7838, 51.7917, 47.9331, 22.5331);
INSERT INTO `calc_strategy_player` VALUES (231, 3, 71, 4.5208, 20.4860, 16.6274, 13.6274);
INSERT INTO `calc_strategy_player` VALUES (232, 3, 72, 8.0843, 35.8458, 31.9872, 17.6872);
INSERT INTO `calc_strategy_player` VALUES (233, 3, 73, 8.1274, 36.0315, 32.1729, 18.2729);
INSERT INTO `calc_strategy_player` VALUES (234, 3, 74, 5.8152, 26.0653, 22.2067, 16.0067);
INSERT INTO `calc_strategy_player` VALUES (235, 3, 75, 4.9655, 22.4028, 18.5442, 12.9442);
INSERT INTO `calc_strategy_player` VALUES (236, 3, 76, 3.3769, 15.5555, 11.6969, 9.7969);
INSERT INTO `calc_strategy_player` VALUES (237, 3, 77, 2.8500, 13.2844, 9.4258, 6.0258);
INSERT INTO `calc_strategy_player` VALUES (238, 3, 78, 3.4162, 15.7248, 11.8662, 10.4662);
INSERT INTO `calc_strategy_player` VALUES (239, 3, 79, 1.9334, 9.3335, 5.4749, 3.3749);
INSERT INTO `calc_strategy_player` VALUES (240, 3, 80, 1.2071, 6.2030, 2.3444, 1.1444);
INSERT INTO `calc_strategy_player` VALUES (241, 4, 1, 9.7133, 56.6300, 54.3391, 4.6391);
INSERT INTO `calc_strategy_player` VALUES (242, 4, 2, 9.8700, 57.5275, 55.2366, 1.1366);
INSERT INTO `calc_strategy_player` VALUES (243, 4, 3, 8.6383, 50.4733, 48.1824, -1.7176);
INSERT INTO `calc_strategy_player` VALUES (244, 4, 4, 8.5987, 50.2465, 47.9556, 3.3556);
INSERT INTO `calc_strategy_player` VALUES (245, 4, 5, 7.9675, 46.6315, 44.3406, -7.9594);
INSERT INTO `calc_strategy_player` VALUES (246, 4, 6, 6.5773, 38.6695, 36.3786, -3.6214);
INSERT INTO `calc_strategy_player` VALUES (247, 4, 7, 3.8828, 23.2376, 20.9467, -19.2533);
INSERT INTO `calc_strategy_player` VALUES (248, 4, 8, 8.9000, 51.9721, 49.6812, 1.8812);
INSERT INTO `calc_strategy_player` VALUES (249, 4, 9, 7.0999, 41.6625, 39.3716, -5.9284);
INSERT INTO `calc_strategy_player` VALUES (250, 4, 10, 8.8597, 51.7413, 49.4504, 14.1504);
INSERT INTO `calc_strategy_player` VALUES (251, 4, 11, 6.9060, 40.5520, 38.2611, 10.8611);
INSERT INTO `calc_strategy_player` VALUES (252, 4, 12, 5.9591, 35.1290, 32.8381, -10.9619);
INSERT INTO `calc_strategy_player` VALUES (253, 4, 13, 10.4297, 60.7330, 58.4421, 27.2421);
INSERT INTO `calc_strategy_player` VALUES (254, 4, 14, 9.2513, 53.9840, 51.6931, 5.6931);
INSERT INTO `calc_strategy_player` VALUES (255, 4, 15, 5.7231, 33.7773, 31.4864, -1.8136);
INSERT INTO `calc_strategy_player` VALUES (256, 4, 16, 6.9617, 40.8710, 38.5801, 9.3801);
INSERT INTO `calc_strategy_player` VALUES (257, 4, 17, 5.8855, 34.7074, 32.4165, 11.2165);
INSERT INTO `calc_strategy_player` VALUES (258, 4, 18, 6.8152, 40.0320, 37.7411, 8.5411);
INSERT INTO `calc_strategy_player` VALUES (259, 4, 19, 5.3036, 31.3748, 29.0839, 17.4839);
INSERT INTO `calc_strategy_player` VALUES (260, 4, 20, 5.3491, 31.6354, 29.3445, 3.1445);
INSERT INTO `calc_strategy_player` VALUES (261, 4, 21, 1.5999, 10.1629, 7.8720, -12.9280);
INSERT INTO `calc_strategy_player` VALUES (262, 4, 22, 7.3322, 42.9930, 40.7021, 8.8021);
INSERT INTO `calc_strategy_player` VALUES (263, 4, 23, 3.1861, 19.2474, 16.9565, 3.1565);
INSERT INTO `calc_strategy_player` VALUES (264, 4, 24, 6.0565, 35.6868, 33.3959, 13.7959);
INSERT INTO `calc_strategy_player` VALUES (265, 4, 25, 3.2847, 19.8121, 17.5212, -17.7788);
INSERT INTO `calc_strategy_player` VALUES (266, 4, 26, 1.4726, 9.4339, 7.1430, -18.1570);
INSERT INTO `calc_strategy_player` VALUES (267, 4, 27, 5.9074, 34.8329, 32.5420, 8.8420);
INSERT INTO `calc_strategy_player` VALUES (268, 4, 28, 3.3291, 20.0664, 17.7755, -10.0245);
INSERT INTO `calc_strategy_player` VALUES (269, 4, 29, 4.7569, 28.2437, 25.9528, 7.2528);
INSERT INTO `calc_strategy_player` VALUES (270, 4, 30, 6.3963, 37.6329, 35.3420, 14.8420);
INSERT INTO `calc_strategy_player` VALUES (271, 4, 31, 6.4683, 38.0452, 35.7543, 9.1543);
INSERT INTO `calc_strategy_player` VALUES (272, 4, 32, 6.0962, 35.9142, 33.6233, 13.3233);
INSERT INTO `calc_strategy_player` VALUES (273, 4, 33, 5.8247, 34.3592, 32.0683, 8.0683);
INSERT INTO `calc_strategy_player` VALUES (274, 4, 34, 4.6403, 27.5759, 25.2850, 4.6850);
INSERT INTO `calc_strategy_player` VALUES (275, 4, 35, 6.2916, 37.0333, 34.7424, 10.7424);
INSERT INTO `calc_strategy_player` VALUES (276, 4, 36, 4.5318, 26.9545, 24.6636, 10.4636);
INSERT INTO `calc_strategy_player` VALUES (277, 4, 37, 5.8369, 34.4291, 32.1382, 19.8382);
INSERT INTO `calc_strategy_player` VALUES (278, 4, 38, 3.1016, 18.7635, 16.4726, -6.6274);
INSERT INTO `calc_strategy_player` VALUES (279, 4, 39, 3.7472, 22.4610, 20.1701, -0.1299);
INSERT INTO `calc_strategy_player` VALUES (280, 4, 40, 5.6009, 33.0775, 30.7866, 8.7866);
INSERT INTO `calc_strategy_player` VALUES (281, 4, 41, 5.6824, 33.5442, 31.2533, 14.0533);
INSERT INTO `calc_strategy_player` VALUES (282, 4, 42, 5.2060, 30.8158, 28.5249, 10.2249);
INSERT INTO `calc_strategy_player` VALUES (283, 4, 43, 6.8387, 40.1666, 37.8757, 25.3757);
INSERT INTO `calc_strategy_player` VALUES (284, 4, 44, 5.1764, 30.6463, 28.3554, 10.1554);
INSERT INTO `calc_strategy_player` VALUES (285, 4, 45, 4.4719, 26.6115, 24.3206, 2.9206);
INSERT INTO `calc_strategy_player` VALUES (286, 4, 46, 2.6215, 16.0139, 13.7230, 0.0230);
INSERT INTO `calc_strategy_player` VALUES (287, 4, 47, 6.6969, 39.3545, 37.0636, 26.6636);
INSERT INTO `calc_strategy_player` VALUES (288, 4, 48, 3.3852, 20.3877, 18.0968, -1.0032);
INSERT INTO `calc_strategy_player` VALUES (289, 4, 49, 7.4337, 43.5743, 41.2834, 24.3834);
INSERT INTO `calc_strategy_player` VALUES (290, 4, 50, 5.8244, 34.3575, 32.0666, 8.6666);
INSERT INTO `calc_strategy_player` VALUES (291, 4, 51, 4.9137, 29.1417, 26.8508, 4.0508);
INSERT INTO `calc_strategy_player` VALUES (292, 4, 52, 1.4699, 9.4184, 7.1275, -0.6725);
INSERT INTO `calc_strategy_player` VALUES (293, 4, 53, 0.6632, 4.7983, 2.5074, -2.1926);
INSERT INTO `calc_strategy_player` VALUES (294, 4, 54, 0.4159, 3.3819, 1.0910, -24.7090);
INSERT INTO `calc_strategy_player` VALUES (295, 4, 55, 6.7850, 39.8591, 37.5682, 20.2682);
INSERT INTO `calc_strategy_player` VALUES (296, 4, 56, 1.0613, 7.0783, 4.7874, -17.6126);
INSERT INTO `calc_strategy_player` VALUES (297, 4, 57, 0.7767, 5.4483, 3.1574, -31.1426);
INSERT INTO `calc_strategy_player` VALUES (298, 4, 58, 3.8329, 22.9518, 20.6609, 4.8609);
INSERT INTO `calc_strategy_player` VALUES (299, 4, 59, 0.9538, 6.4626, 4.1717, -4.4283);
INSERT INTO `calc_strategy_player` VALUES (300, 4, 60, 1.1227, 7.4299, 5.1390, 2.0390);
INSERT INTO `calc_strategy_player` VALUES (301, 4, 61, 1.7524, 11.0363, 8.7454, -0.6546);
INSERT INTO `calc_strategy_player` VALUES (302, 4, 62, 1.5066, 9.6286, 7.3377, -5.5623);
INSERT INTO `calc_strategy_player` VALUES (303, 4, 63, 0.2254, 2.2909, 0.0000, -12.3000);
INSERT INTO `calc_strategy_player` VALUES (304, 4, 64, 4.9737, 29.4854, 27.1945, 12.7945);
INSERT INTO `calc_strategy_player` VALUES (305, 4, 65, 2.4581, 15.0780, 12.7871, -3.3129);
INSERT INTO `calc_strategy_player` VALUES (306, 4, 66, 8.5950, 50.2253, 47.9344, 41.9344);
INSERT INTO `calc_strategy_player` VALUES (307, 4, 67, 4.6577, 27.6756, 25.3847, 15.4847);
INSERT INTO `calc_strategy_player` VALUES (308, 4, 68, 2.4820, 15.2149, 12.9240, 9.2240);
INSERT INTO `calc_strategy_player` VALUES (309, 4, 69, 1.7243, 10.8754, 8.5845, -6.7155);
INSERT INTO `calc_strategy_player` VALUES (310, 4, 70, 9.2366, 53.8999, 51.6090, 26.2090);
INSERT INTO `calc_strategy_player` VALUES (311, 4, 71, 1.8819, 11.7780, 9.4871, 6.4871);
INSERT INTO `calc_strategy_player` VALUES (312, 4, 72, 6.0088, 35.4136, 33.1227, 18.8227);
INSERT INTO `calc_strategy_player` VALUES (313, 4, 73, 6.4293, 37.8219, 35.5310, 21.6310);
INSERT INTO `calc_strategy_player` VALUES (314, 4, 74, 5.7209, 33.7647, 31.4738, 25.2738);
INSERT INTO `calc_strategy_player` VALUES (315, 4, 75, 4.6825, 27.8176, 25.5267, 19.9267);
INSERT INTO `calc_strategy_player` VALUES (316, 4, 76, 1.2071, 7.9133, 5.6224, 3.7224);
INSERT INTO `calc_strategy_player` VALUES (317, 4, 77, 1.5292, 9.7580, 7.4671, 4.0671);
INSERT INTO `calc_strategy_player` VALUES (318, 4, 78, 0.5860, 4.3561, 2.0652, 0.6652);
INSERT INTO `calc_strategy_player` VALUES (319, 4, 79, 1.2730, 8.2907, 5.9998, 3.8998);
INSERT INTO `calc_strategy_player` VALUES (320, 4, 80, 1.2071, 7.9133, 5.6224, 4.4224);
INSERT INTO `calc_strategy_player` VALUES (321, 5, 1, 11.3882, 54.7717, 49.8499, 0.1499);
INSERT INTO `calc_strategy_player` VALUES (322, 5, 2, 11.6736, 56.1192, 51.1974, -2.9026);
INSERT INTO `calc_strategy_player` VALUES (323, 5, 3, 10.3551, 49.8937, 44.9719, -4.9281);
INSERT INTO `calc_strategy_player` VALUES (324, 5, 4, 9.6043, 46.3486, 41.4268, -3.1732);
INSERT INTO `calc_strategy_player` VALUES (325, 5, 5, 11.9233, 57.2982, 52.3764, 0.0764);
INSERT INTO `calc_strategy_player` VALUES (326, 5, 6, 7.4272, 36.0690, 31.1472, -8.8528);
INSERT INTO `calc_strategy_player` VALUES (327, 5, 7, 8.5342, 41.2959, 36.3741, -3.8259);
INSERT INTO `calc_strategy_player` VALUES (328, 5, 8, 11.4350, 54.9926, 50.0708, 2.2708);
INSERT INTO `calc_strategy_player` VALUES (329, 5, 9, 10.8312, 52.1417, 47.2199, 1.9199);
INSERT INTO `calc_strategy_player` VALUES (330, 5, 10, 9.6075, 46.3637, 41.4419, 6.1419);
INSERT INTO `calc_strategy_player` VALUES (331, 5, 11, 6.1674, 30.1206, 25.1988, -2.2012);
INSERT INTO `calc_strategy_player` VALUES (332, 5, 12, 7.6308, 37.0303, 32.1085, -11.6915);
INSERT INTO `calc_strategy_player` VALUES (333, 5, 13, 9.9094, 47.7892, 42.8674, 11.6674);
INSERT INTO `calc_strategy_player` VALUES (334, 5, 14, 11.5944, 55.7453, 50.8235, 4.8235);
INSERT INTO `calc_strategy_player` VALUES (335, 5, 15, 7.2338, 35.1558, 30.2340, -3.0660);
INSERT INTO `calc_strategy_player` VALUES (336, 5, 16, 7.3568, 35.7366, 30.8148, 1.6148);
INSERT INTO `calc_strategy_player` VALUES (337, 5, 17, 5.6570, 27.7107, 22.7889, 1.5889);
INSERT INTO `calc_strategy_player` VALUES (338, 5, 18, 7.9260, 38.4242, 33.5024, 4.3024);
INSERT INTO `calc_strategy_player` VALUES (339, 5, 19, 7.6383, 37.0658, 32.1440, 20.5440);
INSERT INTO `calc_strategy_player` VALUES (340, 5, 20, 4.8968, 24.1212, 19.1994, -7.0006);
INSERT INTO `calc_strategy_player` VALUES (341, 5, 21, 6.3123, 30.8048, 25.8830, 5.0830);
INSERT INTO `calc_strategy_player` VALUES (342, 5, 22, 7.3469, 35.6899, 30.7681, -1.1319);
INSERT INTO `calc_strategy_player` VALUES (343, 5, 23, 4.6464, 22.9389, 18.0171, 4.2171);
INSERT INTO `calc_strategy_player` VALUES (344, 5, 24, 4.7834, 23.5858, 18.6640, -0.9360);
INSERT INTO `calc_strategy_player` VALUES (345, 5, 25, 5.5741, 27.3192, 22.3974, -12.9026);
INSERT INTO `calc_strategy_player` VALUES (346, 5, 26, 4.4124, 21.8340, 16.9122, -8.3878);
INSERT INTO `calc_strategy_player` VALUES (347, 5, 27, 5.8836, 28.7806, 23.8588, 0.1588);
INSERT INTO `calc_strategy_player` VALUES (348, 5, 28, 8.6662, 41.9192, 36.9974, 9.1974);
INSERT INTO `calc_strategy_player` VALUES (349, 5, 29, 5.2034, 25.5689, 20.6471, 1.9471);
INSERT INTO `calc_strategy_player` VALUES (350, 5, 30, 6.8686, 33.4315, 28.5097, 8.0097);
INSERT INTO `calc_strategy_player` VALUES (351, 5, 31, 6.0457, 29.5460, 24.6242, -1.9758);
INSERT INTO `calc_strategy_player` VALUES (352, 5, 32, 6.3991, 31.2146, 26.2928, 5.9928);
INSERT INTO `calc_strategy_player` VALUES (353, 5, 33, 7.3724, 35.8103, 30.8885, 6.8885);
INSERT INTO `calc_strategy_player` VALUES (354, 5, 34, 3.6405, 18.1893, 13.2675, -7.3325);
INSERT INTO `calc_strategy_player` VALUES (355, 5, 35, 6.0669, 29.6461, 24.7243, 0.7243);
INSERT INTO `calc_strategy_player` VALUES (356, 5, 36, 7.1396, 34.7110, 29.7892, 15.5892);
INSERT INTO `calc_strategy_player` VALUES (357, 5, 37, 5.2686, 25.8767, 20.9549, 8.6549);
INSERT INTO `calc_strategy_player` VALUES (358, 5, 38, 4.7415, 23.3879, 18.4661, -4.6339);
INSERT INTO `calc_strategy_player` VALUES (359, 5, 39, 2.5383, 12.9851, 8.0633, -12.2367);
INSERT INTO `calc_strategy_player` VALUES (360, 5, 40, 3.4286, 17.1888, 12.2670, -9.7330);
INSERT INTO `calc_strategy_player` VALUES (361, 5, 41, 4.5075, 22.2831, 17.3613, 0.1613);
INSERT INTO `calc_strategy_player` VALUES (362, 5, 42, 3.8258, 19.0643, 14.1425, -4.1575);
INSERT INTO `calc_strategy_player` VALUES (363, 5, 43, 4.3980, 21.7660, 16.8442, 4.3442);
INSERT INTO `calc_strategy_player` VALUES (364, 5, 44, 9.1690, 44.2933, 39.3715, 21.1715);
INSERT INTO `calc_strategy_player` VALUES (365, 5, 45, 4.3212, 21.4034, 16.4816, -4.9184);
INSERT INTO `calc_strategy_player` VALUES (366, 5, 46, 2.6512, 13.5182, 8.5964, -5.1036);
INSERT INTO `calc_strategy_player` VALUES (367, 5, 47, 3.8202, 19.0378, 14.1160, 3.7160);
INSERT INTO `calc_strategy_player` VALUES (368, 5, 48, 4.7108, 23.2430, 18.3212, -0.7788);
INSERT INTO `calc_strategy_player` VALUES (369, 5, 49, 4.8169, 23.7440, 18.8222, 1.9222);
INSERT INTO `calc_strategy_player` VALUES (370, 5, 50, 5.8246, 28.5020, 23.5802, 0.1802);
INSERT INTO `calc_strategy_player` VALUES (371, 5, 51, 4.9571, 24.4059, 19.4841, -3.3159);
INSERT INTO `calc_strategy_player` VALUES (372, 5, 52, 1.1059, 6.2217, 1.2999, -6.5001);
INSERT INTO `calc_strategy_player` VALUES (373, 5, 53, 0.8306, 4.9218, 0.0000, -4.7000);
INSERT INTO `calc_strategy_player` VALUES (374, 5, 54, 5.0244, 24.7237, 19.8019, -5.9981);
INSERT INTO `calc_strategy_player` VALUES (375, 5, 55, 9.7822, 47.1886, 42.2668, 24.9668);
INSERT INTO `calc_strategy_player` VALUES (376, 5, 56, 4.1337, 20.5181, 15.5963, -6.8037);
INSERT INTO `calc_strategy_player` VALUES (377, 5, 57, 5.4543, 26.7536, 21.8318, -12.4682);
INSERT INTO `calc_strategy_player` VALUES (378, 5, 58, 4.8862, 24.0712, 19.1494, 3.3494);
INSERT INTO `calc_strategy_player` VALUES (379, 5, 59, 2.6171, 13.3572, 8.4354, -0.1646);
INSERT INTO `calc_strategy_player` VALUES (380, 5, 60, 5.8115, 28.4402, 23.5184, 20.4184);
INSERT INTO `calc_strategy_player` VALUES (381, 5, 61, 2.4527, 12.5809, 7.6591, -1.7409);
INSERT INTO `calc_strategy_player` VALUES (382, 5, 62, 5.5469, 27.1908, 22.2690, 9.3690);
INSERT INTO `calc_strategy_player` VALUES (383, 5, 63, 2.4934, 12.7731, 7.8513, -4.4487);
INSERT INTO `calc_strategy_player` VALUES (384, 5, 64, 3.8006, 18.9453, 14.0235, -0.3765);
INSERT INTO `calc_strategy_player` VALUES (385, 5, 65, 3.0735, 15.5121, 10.5903, -5.5097);
INSERT INTO `calc_strategy_player` VALUES (386, 5, 66, 7.3613, 35.7579, 30.8361, 24.8361);
INSERT INTO `calc_strategy_player` VALUES (387, 5, 67, 5.0345, 24.7714, 19.8496, 9.9496);
INSERT INTO `calc_strategy_player` VALUES (388, 5, 68, 2.7011, 13.7538, 8.8320, 5.1320);
INSERT INTO `calc_strategy_player` VALUES (389, 5, 69, 1.0776, 6.0881, 1.1663, -14.1337);
INSERT INTO `calc_strategy_player` VALUES (390, 5, 70, 8.8910, 42.9806, 38.0588, 12.6588);
INSERT INTO `calc_strategy_player` VALUES (391, 5, 71, 3.7503, 18.7078, 13.7860, 10.7860);
INSERT INTO `calc_strategy_player` VALUES (392, 5, 72, 9.1148, 44.0374, 39.1156, 24.8156);
INSERT INTO `calc_strategy_player` VALUES (393, 5, 73, 6.6296, 32.3030, 27.3812, 13.4812);
INSERT INTO `calc_strategy_player` VALUES (394, 5, 74, 4.5056, 22.2741, 17.3523, 11.1523);
INSERT INTO `calc_strategy_player` VALUES (395, 5, 75, 5.1461, 25.2983, 20.3765, 14.7765);
INSERT INTO `calc_strategy_player` VALUES (396, 5, 76, 3.1887, 16.0561, 11.1343, 9.2343);
INSERT INTO `calc_strategy_player` VALUES (397, 5, 77, 5.1144, 25.1487, 20.2269, 16.8269);
INSERT INTO `calc_strategy_player` VALUES (398, 5, 78, 3.4162, 17.1303, 12.2085, 10.8085);
INSERT INTO `calc_strategy_player` VALUES (399, 5, 79, 1.6793, 8.9292, 4.0074, 1.9074);
INSERT INTO `calc_strategy_player` VALUES (400, 5, 80, 1.4147, 7.6798, 2.7580, 1.5580);
INSERT INTO `calc_strategy_player` VALUES (401, 6, 1, 7.6865, 50.7862, 47.1954, -2.5046);
INSERT INTO `calc_strategy_player` VALUES (402, 6, 2, 8.8611, 58.3942, 54.8034, 0.7034);
INSERT INTO `calc_strategy_player` VALUES (403, 6, 3, 7.1198, 47.1157, 43.5249, -6.3751);
INSERT INTO `calc_strategy_player` VALUES (404, 6, 4, 7.5601, 49.9675, 46.3767, 1.7767);
INSERT INTO `calc_strategy_player` VALUES (405, 6, 5, 8.6285, 56.8877, 53.2969, 0.9969);
INSERT INTO `calc_strategy_player` VALUES (406, 6, 6, 4.4064, 29.5407, 25.9499, -14.0501);
INSERT INTO `calc_strategy_player` VALUES (407, 6, 7, 5.8871, 39.1313, 35.5405, -4.6595);
INSERT INTO `calc_strategy_player` VALUES (408, 6, 8, 9.6294, 63.3706, 59.7798, 11.9798);
INSERT INTO `calc_strategy_player` VALUES (409, 6, 9, 9.1185, 60.0614, 56.4706, 11.1706);
INSERT INTO `calc_strategy_player` VALUES (410, 6, 10, 6.6908, 44.3370, 40.7462, 5.4462);
INSERT INTO `calc_strategy_player` VALUES (411, 6, 11, 4.2924, 28.8023, 25.2115, -2.1885);
INSERT INTO `calc_strategy_player` VALUES (412, 6, 12, 5.6516, 37.6060, 34.0152, -9.7848);
INSERT INTO `calc_strategy_player` VALUES (413, 6, 13, 6.7983, 45.0333, 41.4425, 10.2425);
INSERT INTO `calc_strategy_player` VALUES (414, 6, 14, 8.9944, 59.2576, 55.6668, 9.6668);
INSERT INTO `calc_strategy_player` VALUES (415, 6, 15, 5.6316, 37.4764, 33.8856, 0.5856);
INSERT INTO `calc_strategy_player` VALUES (416, 6, 16, 5.0235, 33.5377, 29.9469, 0.7469);
INSERT INTO `calc_strategy_player` VALUES (417, 6, 17, 3.8890, 26.1894, 22.5986, 1.3986);
INSERT INTO `calc_strategy_player` VALUES (418, 6, 18, 5.5649, 37.0444, 33.4536, 4.2536);
INSERT INTO `calc_strategy_player` VALUES (419, 6, 19, 4.3494, 29.1715, 25.5807, 13.9807);
INSERT INTO `calc_strategy_player` VALUES (420, 6, 20, 4.5439, 30.4313, 26.8405, 0.6405);
INSERT INTO `calc_strategy_player` VALUES (421, 6, 21, 4.8417, 32.3602, 28.7694, 7.9694);
INSERT INTO `calc_strategy_player` VALUES (422, 6, 22, 6.1330, 40.7241, 37.1333, 5.2333);
INSERT INTO `calc_strategy_player` VALUES (423, 6, 23, 1.9296, 13.4982, 9.9074, -3.8926);
INSERT INTO `calc_strategy_player` VALUES (424, 6, 24, 4.4893, 30.0776, 26.4868, 6.8868);
INSERT INTO `calc_strategy_player` VALUES (425, 6, 25, 2.8658, 19.5621, 15.9713, -19.3287);
INSERT INTO `calc_strategy_player` VALUES (426, 6, 26, 3.6832, 24.8565, 21.2657, -4.0343);
INSERT INTO `calc_strategy_player` VALUES (427, 6, 27, 3.5225, 23.8156, 20.2248, -3.4752);
INSERT INTO `calc_strategy_player` VALUES (428, 6, 28, 5.7995, 38.5639, 34.9731, 7.1731);
INSERT INTO `calc_strategy_player` VALUES (429, 6, 29, 2.8701, 19.5899, 15.9991, -2.7009);
INSERT INTO `calc_strategy_player` VALUES (430, 6, 30, 5.3657, 35.7542, 32.1634, 11.6634);
INSERT INTO `calc_strategy_player` VALUES (431, 6, 31, 5.4099, 36.0405, 32.4497, 5.8497);
INSERT INTO `calc_strategy_player` VALUES (432, 6, 32, 3.6435, 24.5993, 21.0085, 0.7085);
INSERT INTO `calc_strategy_player` VALUES (433, 6, 33, 6.9057, 45.7289, 42.1381, 18.1381);
INSERT INTO `calc_strategy_player` VALUES (434, 6, 34, 3.3280, 22.5558, 18.9650, -1.6350);
INSERT INTO `calc_strategy_player` VALUES (435, 6, 35, 4.8514, 32.4230, 28.8322, 4.8322);
INSERT INTO `calc_strategy_player` VALUES (436, 6, 36, 3.7618, 25.3656, 21.7748, 7.5748);
INSERT INTO `calc_strategy_player` VALUES (437, 6, 37, 3.9969, 26.8883, 23.2975, 10.9975);
INSERT INTO `calc_strategy_player` VALUES (438, 6, 38, 2.7415, 18.7570, 15.1662, -7.9338);
INSERT INTO `calc_strategy_player` VALUES (439, 6, 39, 1.6559, 11.7254, 8.1346, -12.1654);
INSERT INTO `calc_strategy_player` VALUES (440, 6, 40, 3.4286, 23.2074, 19.6166, -2.3834);
INSERT INTO `calc_strategy_player` VALUES (441, 6, 41, 3.0408, 20.6956, 17.1048, -0.0952);
INSERT INTO `calc_strategy_player` VALUES (442, 6, 42, 2.9418, 20.0543, 16.4635, -1.8365);
INSERT INTO `calc_strategy_player` VALUES (443, 6, 43, 4.1218, 27.6973, 24.1065, 11.6065);
INSERT INTO `calc_strategy_player` VALUES (444, 6, 44, 6.8579, 45.4193, 41.8285, 23.6285);
INSERT INTO `calc_strategy_player` VALUES (445, 6, 45, 3.0712, 20.8925, 17.3017, -4.0983);
INSERT INTO `calc_strategy_player` VALUES (446, 6, 46, 1.8865, 13.2190, 9.6282, -4.0718);
INSERT INTO `calc_strategy_player` VALUES (447, 6, 47, 3.6468, 24.6207, 21.0299, 10.6299);
INSERT INTO `calc_strategy_player` VALUES (448, 6, 48, 3.4608, 23.4159, 19.8251, 0.7251);
INSERT INTO `calc_strategy_player` VALUES (449, 6, 49, 4.8169, 32.1995, 28.6087, 11.7087);
INSERT INTO `calc_strategy_player` VALUES (450, 6, 50, 5.8246, 38.7265, 35.1357, 11.7357);
INSERT INTO `calc_strategy_player` VALUES (451, 6, 51, 2.3793, 16.4110, 12.8202, -9.9798);
INSERT INTO `calc_strategy_player` VALUES (452, 6, 52, 0.4000, 3.5908, 0.0000, -7.8000);
INSERT INTO `calc_strategy_player` VALUES (453, 6, 53, 0.8306, 6.3799, 2.7891, -1.9109);
INSERT INTO `calc_strategy_player` VALUES (454, 6, 54, 3.2325, 21.9372, 18.3464, -7.4536);
INSERT INTO `calc_strategy_player` VALUES (455, 6, 55, 7.6489, 50.5427, 46.9519, 29.6519);
INSERT INTO `calc_strategy_player` VALUES (456, 6, 56, 3.4707, 23.4801, 19.8893, -2.5107);
INSERT INTO `calc_strategy_player` VALUES (457, 6, 57, 3.5793, 24.1835, 20.5927, -13.7073);
INSERT INTO `calc_strategy_player` VALUES (458, 6, 58, 4.1348, 27.7815, 24.1907, 8.3907);
INSERT INTO `calc_strategy_player` VALUES (459, 6, 59, 1.4171, 10.1787, 6.5879, -2.0121);
INSERT INTO `calc_strategy_player` VALUES (460, 6, 60, 2.3893, 16.4757, 12.8849, 9.7849);
INSERT INTO `calc_strategy_player` VALUES (461, 6, 61, 1.8971, 13.2877, 9.6969, 0.2969);
INSERT INTO `calc_strategy_player` VALUES (462, 6, 62, 2.2136, 15.3377, 11.7469, -1.1531);
INSERT INTO `calc_strategy_player` VALUES (463, 6, 63, 1.8463, 12.9587, 9.3679, -2.9321);
INSERT INTO `calc_strategy_player` VALUES (464, 6, 64, 3.8006, 25.6169, 22.0261, 7.6261);
INSERT INTO `calc_strategy_player` VALUES (465, 6, 65, 1.2679, 9.2123, 5.6215, -10.4785);
INSERT INTO `calc_strategy_player` VALUES (466, 6, 66, 7.3613, 48.6799, 45.0891, 39.0891);
INSERT INTO `calc_strategy_player` VALUES (467, 6, 67, 3.4789, 23.5332, 19.9424, 10.0424);
INSERT INTO `calc_strategy_player` VALUES (468, 6, 68, 2.5678, 17.6319, 14.0411, 10.3411);
INSERT INTO `calc_strategy_player` VALUES (469, 6, 69, 1.0776, 7.9797, 4.3889, -10.9111);
INSERT INTO `calc_strategy_player` VALUES (470, 6, 70, 6.3438, 42.0894, 38.4986, 13.0986);
INSERT INTO `calc_strategy_player` VALUES (471, 6, 71, 1.1114, 8.1986, 4.6078, 1.6078);
INSERT INTO `calc_strategy_player` VALUES (472, 6, 72, 7.0393, 46.5943, 43.0035, 28.7035);
INSERT INTO `calc_strategy_player` VALUES (473, 6, 73, 4.9315, 32.9418, 29.3510, 15.4510);
INSERT INTO `calc_strategy_player` VALUES (474, 6, 74, 4.4113, 29.5724, 25.9816, 19.7816);
INSERT INTO `calc_strategy_player` VALUES (475, 6, 75, 4.8631, 32.4988, 28.9080, 23.3080);
INSERT INTO `calc_strategy_player` VALUES (476, 6, 76, 1.0189, 7.5995, 4.0087, 2.1087);
INSERT INTO `calc_strategy_player` VALUES (477, 6, 77, 3.7936, 25.5715, 21.9807, 18.5807);
INSERT INTO `calc_strategy_player` VALUES (478, 6, 78, 0.5860, 4.7956, 1.2048, -0.1952);
INSERT INTO `calc_strategy_player` VALUES (479, 6, 79, 1.0189, 7.5995, 4.0087, 1.9087);
INSERT INTO `calc_strategy_player` VALUES (480, 6, 80, 1.4147, 10.1632, 6.5724, 5.3724);
INSERT INTO `calc_strategy_player` VALUES (481, 7, 1, 9.9158, 58.6078, 55.1364, 5.4364);
INSERT INTO `calc_strategy_player` VALUES (482, 7, 2, 9.3625, 55.3933, 51.9219, -2.1781);
INSERT INTO `calc_strategy_player` VALUES (483, 7, 3, 9.1394, 54.0972, 50.6258, 0.7258);
INSERT INTO `calc_strategy_player` VALUES (484, 7, 4, 7.8641, 46.6881, 43.2167, -1.3833);
INSERT INTO `calc_strategy_player` VALUES (485, 7, 5, 8.8900, 52.6482, 49.1768, -3.1232);
INSERT INTO `calc_strategy_player` VALUES (486, 7, 6, 7.1258, 42.3988, 38.9274, -1.0726);
INSERT INTO `calc_strategy_player` VALUES (487, 7, 7, 5.6977, 34.1019, 30.6305, -9.5695);
INSERT INTO `calc_strategy_player` VALUES (488, 7, 8, 7.8998, 46.8955, 43.4241, -4.3759);
INSERT INTO `calc_strategy_player` VALUES (489, 7, 9, 7.8863, 46.8170, 43.3456, -1.9544);
INSERT INTO `calc_strategy_player` VALUES (490, 7, 10, 8.9005, 52.7092, 49.2378, 13.9378);
INSERT INTO `calc_strategy_player` VALUES (491, 7, 11, 6.1674, 36.8307, 33.3593, 5.9593);
INSERT INTO `calc_strategy_player` VALUES (492, 7, 12, 6.5255, 38.9112, 35.4398, -8.3602);
INSERT INTO `calc_strategy_player` VALUES (493, 7, 13, 9.6983, 57.3442, 53.8728, 22.6728);
INSERT INTO `calc_strategy_player` VALUES (494, 7, 14, 8.8495, 52.4129, 48.9415, 2.9415);
INSERT INTO `calc_strategy_player` VALUES (495, 7, 15, 4.9582, 29.8057, 26.3343, -6.9657);
INSERT INTO `calc_strategy_player` VALUES (496, 7, 16, 6.5333, 38.9565, 35.4851, 6.2851);
INSERT INTO `calc_strategy_player` VALUES (497, 7, 17, 5.3893, 32.3102, 28.8388, 7.6388);
INSERT INTO `calc_strategy_player` VALUES (498, 7, 18, 6.3705, 38.0107, 34.5393, 5.3393);
INSERT INTO `calc_strategy_player` VALUES (499, 7, 19, 6.7939, 40.4705, 36.9991, 25.3991);
INSERT INTO `calc_strategy_player` VALUES (500, 7, 20, 3.6811, 22.3861, 18.9147, -7.2853);
INSERT INTO `calc_strategy_player` VALUES (501, 7, 21, 3.0705, 18.8387, 15.3673, -5.4327);
INSERT INTO `calc_strategy_player` VALUES (502, 7, 22, 5.7219, 34.2425, 30.7711, -1.1289);
INSERT INTO `calc_strategy_player` VALUES (503, 7, 23, 4.3214, 26.1060, 22.6346, 8.8346);
INSERT INTO `calc_strategy_player` VALUES (504, 7, 24, 3.9730, 24.0819, 20.6105, 1.0105);
INSERT INTO `calc_strategy_player` VALUES (505, 7, 25, 4.3683, 26.3785, 22.9071, -12.3929);
INSERT INTO `calc_strategy_player` VALUES (506, 7, 26, 2.2018, 13.7918, 10.3204, -14.9796);
INSERT INTO `calc_strategy_player` VALUES (507, 7, 27, 5.8836, 35.1820, 31.7106, 8.0106);
INSERT INTO `calc_strategy_player` VALUES (508, 7, 28, 6.1958, 36.9957, 33.5243, 5.7243);
INSERT INTO `calc_strategy_player` VALUES (509, 7, 29, 4.9289, 29.6354, 26.1640, 7.4640);
INSERT INTO `calc_strategy_player` VALUES (510, 7, 30, 6.5436, 39.0164, 35.5450, 15.0450);
INSERT INTO `calc_strategy_player` VALUES (511, 7, 31, 5.0707, 30.4592, 26.9878, 0.3878);
INSERT INTO `calc_strategy_player` VALUES (512, 7, 32, 6.3991, 38.1769, 34.7055, 14.4055);
INSERT INTO `calc_strategy_player` VALUES (513, 7, 33, 4.4903, 27.0873, 23.6159, -0.3841);
INSERT INTO `calc_strategy_player` VALUES (514, 7, 34, 3.5400, 21.5663, 18.0949, -2.5051);
INSERT INTO `calc_strategy_player` VALUES (515, 7, 35, 4.7283, 28.4700, 24.9986, 0.9986);
INSERT INTO `calc_strategy_player` VALUES (516, 7, 36, 6.9285, 41.2525, 37.7811, 23.5811);
INSERT INTO `calc_strategy_player` VALUES (517, 7, 37, 4.5103, 27.2035, 23.7321, 11.4321);
INSERT INTO `calc_strategy_player` VALUES (518, 7, 38, 3.7808, 22.9653, 19.4939, -3.6061);
INSERT INTO `calc_strategy_player` VALUES (519, 7, 39, 2.1331, 13.3927, 9.9213, -10.3787);
INSERT INTO `calc_strategy_player` VALUES (520, 7, 40, 3.1458, 19.2762, 15.8048, -6.1952);
INSERT INTO `calc_strategy_player` VALUES (521, 7, 41, 4.5075, 27.1872, 23.7158, 6.5158);
INSERT INTO `calc_strategy_player` VALUES (522, 7, 42, 3.8258, 23.2268, 19.7554, 1.4554);
INSERT INTO `calc_strategy_player` VALUES (523, 7, 43, 4.1303, 24.9958, 21.5244, 9.0244);
INSERT INTO `calc_strategy_player` VALUES (524, 7, 44, 6.4247, 38.3256, 34.8542, 16.6542);
INSERT INTO `calc_strategy_player` VALUES (525, 7, 45, 4.0384, 24.4619, 20.9905, -0.4095);
INSERT INTO `calc_strategy_player` VALUES (526, 7, 46, 1.8408, 11.6945, 8.2231, -5.4769);
INSERT INTO `calc_strategy_player` VALUES (527, 7, 47, 3.8202, 23.1942, 19.7228, 9.3228);
INSERT INTO `calc_strategy_player` VALUES (528, 7, 48, 3.5050, 21.3630, 17.8916, -1.2084);
INSERT INTO `calc_strategy_player` VALUES (529, 7, 49, 4.3836, 26.4674, 22.9960, 6.0960);
INSERT INTO `calc_strategy_player` VALUES (530, 7, 50, 3.9032, 23.6764, 20.2050, -3.1950);
INSERT INTO `calc_strategy_player` VALUES (531, 7, 51, 4.9571, 29.7993, 26.3279, 3.5279);
INSERT INTO `calc_strategy_player` VALUES (532, 7, 52, 1.1059, 7.4249, 3.9535, -3.8465);
INSERT INTO `calc_strategy_player` VALUES (533, 7, 53, 0.4254, 3.4714, 0.0000, -4.7000);
INSERT INTO `calc_strategy_player` VALUES (534, 7, 54, 2.2078, 13.8267, 10.3553, -15.4447);
INSERT INTO `calc_strategy_player` VALUES (535, 7, 55, 7.0379, 41.8881, 38.4167, 21.1167);
INSERT INTO `calc_strategy_player` VALUES (536, 7, 56, 1.7243, 11.0177, 7.5463, -14.8537);
INSERT INTO `calc_strategy_player` VALUES (537, 7, 57, 2.4398, 15.1745, 11.7031, -22.5969);
INSERT INTO `calc_strategy_player` VALUES (538, 7, 58, 4.0195, 24.3521, 20.8807, 5.0807);
INSERT INTO `calc_strategy_player` VALUES (539, 7, 59, 1.7936, 11.4203, 7.9489, -0.6511);
INSERT INTO `calc_strategy_player` VALUES (540, 7, 60, 4.5449, 27.4045, 23.9331, 20.8331);
INSERT INTO `calc_strategy_player` VALUES (541, 7, 61, 1.8871, 11.9635, 8.4921, -0.9079);
INSERT INTO `calc_strategy_player` VALUES (542, 7, 62, 4.8399, 29.1184, 25.6470, 12.7470);
INSERT INTO `calc_strategy_player` VALUES (543, 7, 63, 0.8725, 6.0690, 2.5976, -9.7024);
INSERT INTO `calc_strategy_player` VALUES (544, 7, 64, 3.5329, 21.5251, 18.0537, 3.6537);
INSERT INTO `calc_strategy_player` VALUES (545, 7, 65, 2.7907, 17.2131, 13.7417, -2.3583);
INSERT INTO `calc_strategy_player` VALUES (546, 7, 66, 6.3058, 37.6348, 34.1634, 28.1634);
INSERT INTO `calc_strategy_player` VALUES (547, 7, 67, 4.8234, 29.0225, 25.5511, 15.6511);
INSERT INTO `calc_strategy_player` VALUES (548, 7, 68, 2.0149, 12.7060, 9.2346, 5.5346);
INSERT INTO `calc_strategy_player` VALUES (549, 7, 69, 0.8766, 6.0928, 2.6214, -12.6786);
INSERT INTO `calc_strategy_player` VALUES (550, 7, 70, 8.6174, 51.0645, 47.5931, 22.1931);
INSERT INTO `calc_strategy_player` VALUES (551, 7, 71, 3.6089, 21.9666, 18.4952, 15.4952);
INSERT INTO `calc_strategy_player` VALUES (552, 7, 72, 6.1053, 36.4700, 32.9986, 18.6986);
INSERT INTO `calc_strategy_player` VALUES (553, 7, 73, 6.0824, 36.3369, 32.8655, 18.9655);
INSERT INTO `calc_strategy_player` VALUES (554, 7, 74, 4.2320, 25.5867, 22.1153, 15.9153);
INSERT INTO `calc_strategy_player` VALUES (555, 7, 75, 3.7781, 22.9496, 19.4782, 13.8782);
INSERT INTO `calc_strategy_player` VALUES (556, 7, 76, 2.9151, 17.9359, 14.4645, 12.5645);
INSERT INTO `calc_strategy_player` VALUES (557, 7, 77, 2.6521, 16.4079, 12.9365, 9.5365);
INSERT INTO `calc_strategy_player` VALUES (558, 7, 78, 3.4162, 20.8471, 17.3757, 15.9757);
INSERT INTO `calc_strategy_player` VALUES (559, 7, 79, 1.4057, 9.1667, 5.6953, 3.5953);
INSERT INTO `calc_strategy_player` VALUES (560, 7, 80, 1.1411, 7.6294, 4.1580, 2.9580);
INSERT INTO `calc_strategy_player` VALUES (561, 8, 1, 11.9456, 58.8406, 55.7232, 6.0232);
INSERT INTO `calc_strategy_player` VALUES (562, 8, 2, 11.3618, 56.0138, 52.8964, -1.2036);
INSERT INTO `calc_strategy_player` VALUES (563, 8, 3, 10.3850, 51.2842, 48.1668, -1.7332);
INSERT INTO `calc_strategy_player` VALUES (564, 8, 4, 8.9511, 44.3412, 41.2238, -3.3762);
INSERT INTO `calc_strategy_player` VALUES (565, 8, 5, 11.8887, 58.5651, 55.4477, 3.1477);
INSERT INTO `calc_strategy_player` VALUES (566, 8, 6, 7.3948, 36.8056, 33.6882, -6.3118);
INSERT INTO `calc_strategy_player` VALUES (567, 8, 7, 8.9157, 44.1698, 41.0524, 0.8524);
INSERT INTO `calc_strategy_player` VALUES (568, 8, 8, 11.2854, 55.6439, 52.5265, 4.7265);
INSERT INTO `calc_strategy_player` VALUES (569, 8, 9, 8.3255, 41.3121, 38.1947, -7.1053);
INSERT INTO `calc_strategy_player` VALUES (570, 8, 10, 9.3873, 46.4533, 43.3359, 8.0359);
INSERT INTO `calc_strategy_player` VALUES (571, 8, 11, 5.9006, 29.5707, 26.4533, -0.9467);
INSERT INTO `calc_strategy_player` VALUES (572, 8, 12, 7.4155, 36.9059, 33.7885, -10.0115);
INSERT INTO `calc_strategy_player` VALUES (573, 8, 13, 10.5328, 51.9998, 48.8824, 17.6824);
INSERT INTO `calc_strategy_player` VALUES (574, 8, 14, 11.9082, 58.6595, 55.5421, 9.5421);
INSERT INTO `calc_strategy_player` VALUES (575, 8, 15, 7.3946, 36.8047, 33.6873, 0.3873);
INSERT INTO `calc_strategy_player` VALUES (576, 8, 16, 7.6993, 38.2800, 35.1626, 5.9626);
INSERT INTO `calc_strategy_player` VALUES (577, 8, 17, 5.7149, 28.6715, 25.5541, 4.3541);
INSERT INTO `calc_strategy_player` VALUES (578, 8, 18, 8.4801, 42.0606, 38.9432, 9.7432);
INSERT INTO `calc_strategy_player` VALUES (579, 8, 19, 8.1773, 40.5945, 37.4771, 25.8771);
INSERT INTO `calc_strategy_player` VALUES (580, 8, 20, 4.8894, 24.6745, 21.5571, -4.6429);
INSERT INTO `calc_strategy_player` VALUES (581, 8, 21, 6.3123, 31.5642, 28.4468, 7.6468);
INSERT INTO `calc_strategy_player` VALUES (582, 8, 22, 7.6038, 37.8176, 34.7002, 2.8002);
INSERT INTO `calc_strategy_player` VALUES (583, 8, 23, 4.6233, 23.3860, 20.2686, 6.4686);
INSERT INTO `calc_strategy_player` VALUES (584, 8, 24, 4.6820, 23.6702, 20.5528, 0.9528);
INSERT INTO `calc_strategy_player` VALUES (585, 8, 25, 5.8212, 29.1863, 26.0689, -9.2311);
INSERT INTO `calc_strategy_player` VALUES (586, 8, 26, 3.4105, 17.5136, 14.3962, -10.9038);
INSERT INTO `calc_strategy_player` VALUES (587, 8, 27, 5.8760, 29.4516, 26.3342, 2.6342);
INSERT INTO `calc_strategy_player` VALUES (588, 8, 28, 7.8598, 39.0572, 35.9398, 8.1398);
INSERT INTO `calc_strategy_player` VALUES (589, 8, 29, 5.2143, 26.2476, 23.1302, 4.4302);
INSERT INTO `calc_strategy_player` VALUES (590, 8, 30, 5.8173, 29.1674, 26.0500, 5.5500);
INSERT INTO `calc_strategy_player` VALUES (591, 8, 31, 5.0304, 25.3572, 22.2398, -4.3602);
INSERT INTO `calc_strategy_player` VALUES (592, 8, 32, 6.8924, 34.3730, 31.2556, 10.9556);
INSERT INTO `calc_strategy_player` VALUES (593, 8, 33, 6.4855, 32.4028, 29.2854, 5.2854);
INSERT INTO `calc_strategy_player` VALUES (594, 8, 34, 3.0495, 15.7657, 12.6483, -7.9517);
INSERT INTO `calc_strategy_player` VALUES (595, 8, 35, 6.3942, 31.9607, 28.8433, 4.8433);
INSERT INTO `calc_strategy_player` VALUES (596, 8, 36, 6.4412, 32.1883, 29.0709, 14.8709);
INSERT INTO `calc_strategy_player` VALUES (597, 8, 37, 5.4600, 27.4373, 24.3199, 12.0199);
INSERT INTO `calc_strategy_player` VALUES (598, 8, 38, 6.0623, 30.3537, 27.2363, 4.1363);
INSERT INTO `calc_strategy_player` VALUES (599, 8, 39, 4.5841, 23.1962, 20.0788, -0.2212);
INSERT INTO `calc_strategy_player` VALUES (600, 8, 40, 3.4912, 17.9044, 14.7870, -7.2130);
INSERT INTO `calc_strategy_player` VALUES (601, 8, 41, 4.9987, 25.2037, 22.0863, 4.8863);
INSERT INTO `calc_strategy_player` VALUES (602, 8, 42, 3.1482, 16.2436, 13.1262, -5.1738);
INSERT INTO `calc_strategy_player` VALUES (603, 8, 43, 3.7054, 18.9415, 15.8241, 3.3241);
INSERT INTO `calc_strategy_player` VALUES (604, 8, 44, 9.1121, 45.1208, 42.0034, 23.8034);
INSERT INTO `calc_strategy_player` VALUES (605, 8, 45, 4.5974, 23.2606, 20.1432, -1.2568);
INSERT INTO `calc_strategy_player` VALUES (606, 8, 46, 3.5205, 18.0463, 14.9289, 1.2289);
INSERT INTO `calc_strategy_player` VALUES (607, 8, 47, 3.5007, 17.9504, 14.8330, 4.4330);
INSERT INTO `calc_strategy_player` VALUES (608, 8, 48, 3.9625, 20.1864, 17.0690, -2.0310);
INSERT INTO `calc_strategy_player` VALUES (609, 8, 49, 4.1765, 21.2226, 18.1052, 1.2052);
INSERT INTO `calc_strategy_player` VALUES (610, 8, 50, 5.3266, 26.7914, 23.6740, 0.2740);
INSERT INTO `calc_strategy_player` VALUES (611, 8, 51, 5.1122, 25.7533, 22.6359, -0.1641);
INSERT INTO `calc_strategy_player` VALUES (612, 8, 52, 2.1758, 11.5352, 8.4178, 0.6178);
INSERT INTO `calc_strategy_player` VALUES (613, 8, 53, 0.8430, 5.0818, 1.9644, -2.7356);
INSERT INTO `calc_strategy_player` VALUES (614, 8, 54, 5.0244, 25.3281, 22.2107, -3.5893);
INSERT INTO `calc_strategy_player` VALUES (615, 8, 55, 9.0034, 44.5945, 41.4771, 24.1771);
INSERT INTO `calc_strategy_player` VALUES (616, 8, 56, 4.1337, 21.0154, 17.8980, -4.5020);
INSERT INTO `calc_strategy_player` VALUES (617, 8, 57, 5.6662, 28.4357, 25.3183, -8.9817);
INSERT INTO `calc_strategy_player` VALUES (618, 8, 58, 3.8464, 19.6243, 16.5069, 0.7069);
INSERT INTO `calc_strategy_player` VALUES (619, 8, 59, 2.9773, 15.4161, 12.2987, 3.6987);
INSERT INTO `calc_strategy_player` VALUES (620, 8, 60, 5.8115, 29.1393, 26.0219, 22.9219);
INSERT INTO `calc_strategy_player` VALUES (621, 8, 61, 2.1699, 11.5067, 8.3893, -1.0107);
INSERT INTO `calc_strategy_player` VALUES (622, 8, 62, 5.5469, 27.8581, 24.7407, 11.8407);
INSERT INTO `calc_strategy_player` VALUES (623, 8, 63, 2.2680, 11.9817, 8.8643, -3.4357);
INSERT INTO `calc_strategy_player` VALUES (624, 8, 64, 3.0351, 15.6960, 12.5786, -1.8214);
INSERT INTO `calc_strategy_player` VALUES (625, 8, 65, 3.5614, 18.2443, 15.1269, -0.9731);
INSERT INTO `calc_strategy_player` VALUES (626, 8, 66, 6.1515, 30.7856, 27.6682, 21.6682);
INSERT INTO `calc_strategy_player` VALUES (627, 8, 67, 3.9051, 19.9085, 16.7911, 6.8911);
INSERT INTO `calc_strategy_player` VALUES (628, 8, 68, 1.4199, 7.8752, 4.7578, 1.0578);
INSERT INTO `calc_strategy_player` VALUES (629, 8, 69, 1.0487, 6.0778, 2.9604, -12.3396);
INSERT INTO `calc_strategy_player` VALUES (630, 8, 70, 8.3310, 41.3387, 38.2213, 12.8213);
INSERT INTO `calc_strategy_player` VALUES (631, 8, 71, 3.8178, 19.4858, 16.3684, 13.3684);
INSERT INTO `calc_strategy_player` VALUES (632, 8, 72, 9.6032, 47.4987, 44.3813, 30.0813);
INSERT INTO `calc_strategy_player` VALUES (633, 8, 73, 6.4388, 32.1767, 29.0593, 15.1593);
INSERT INTO `calc_strategy_player` VALUES (634, 8, 74, 4.0020, 20.3777, 17.2603, 11.0603);
INSERT INTO `calc_strategy_player` VALUES (635, 8, 75, 4.6939, 23.7279, 20.6105, 15.0105);
INSERT INTO `calc_strategy_player` VALUES (636, 8, 76, 2.9052, 15.0670, 11.9496, 10.0496);
INSERT INTO `calc_strategy_player` VALUES (637, 8, 77, 4.5670, 23.1134, 19.9960, 16.5960);
INSERT INTO `calc_strategy_player` VALUES (638, 8, 78, 3.4162, 17.5412, 14.4238, 13.0238);
INSERT INTO `calc_strategy_player` VALUES (639, 8, 79, 1.4617, 8.0776, 4.9602, 2.8602);
INSERT INTO `calc_strategy_player` VALUES (640, 8, 80, 0.4373, 3.1174, 0.0000, -1.2000);
INSERT INTO `calc_strategy_player` VALUES (641, 9, 1, 8.2439, 56.2803, 52.3479, 2.6479);
INSERT INTO `calc_strategy_player` VALUES (642, 9, 2, 8.5493, 58.3282, 54.3958, 0.2958);
INSERT INTO `calc_strategy_player` VALUES (643, 9, 3, 7.1497, 48.9430, 45.0106, -4.8894);
INSERT INTO `calc_strategy_player` VALUES (644, 9, 4, 6.9069, 47.3149, 43.3825, -1.2175);
INSERT INTO `calc_strategy_player` VALUES (645, 9, 5, 8.5939, 58.6273, 54.6949, 2.3949);
INSERT INTO `calc_strategy_player` VALUES (646, 9, 6, 4.3740, 30.3303, 26.3979, -13.6021);
INSERT INTO `calc_strategy_player` VALUES (647, 9, 7, 6.2686, 43.0347, 39.1023, -1.0977);
INSERT INTO `calc_strategy_player` VALUES (648, 9, 8, 9.4798, 64.5677, 60.6353, 12.8353);
INSERT INTO `calc_strategy_player` VALUES (649, 9, 9, 6.6128, 45.3428, 41.4104, -3.8896);
INSERT INTO `calc_strategy_player` VALUES (650, 9, 10, 6.4706, 44.3893, 40.4569, 5.1569);
INSERT INTO `calc_strategy_player` VALUES (651, 9, 11, 4.0256, 27.9941, 24.0617, -3.3383);
INSERT INTO `calc_strategy_player` VALUES (652, 9, 12, 5.4363, 37.4537, 33.5213, -10.2787);
INSERT INTO `calc_strategy_player` VALUES (653, 9, 13, 7.4217, 50.7670, 46.8346, 15.6346);
INSERT INTO `calc_strategy_player` VALUES (654, 9, 14, 9.3082, 63.4171, 59.4847, 13.4847);
INSERT INTO `calc_strategy_player` VALUES (655, 9, 15, 5.7924, 39.8415, 35.9091, 2.6091);
INSERT INTO `calc_strategy_player` VALUES (656, 9, 16, 5.3660, 36.9822, 33.0498, 3.8498);
INSERT INTO `calc_strategy_player` VALUES (657, 9, 17, 3.9469, 27.4663, 23.5339, 2.3339);
INSERT INTO `calc_strategy_player` VALUES (658, 9, 18, 6.1190, 42.0316, 38.0992, 8.8992);
INSERT INTO `calc_strategy_player` VALUES (659, 9, 19, 4.8884, 33.7797, 29.8473, 18.2473);
INSERT INTO `calc_strategy_player` VALUES (660, 9, 20, 4.5365, 31.4200, 27.4876, 1.2876);
INSERT INTO `calc_strategy_player` VALUES (661, 9, 21, 4.8417, 33.4665, 29.5341, 8.7341);
INSERT INTO `calc_strategy_player` VALUES (662, 9, 22, 6.3899, 43.8481, 39.9157, 8.0157);
INSERT INTO `calc_strategy_player` VALUES (663, 9, 23, 1.9065, 13.7842, 9.8518, -3.9482);
INSERT INTO `calc_strategy_player` VALUES (664, 9, 24, 4.3879, 30.4235, 26.4911, 6.8911);
INSERT INTO `calc_strategy_player` VALUES (665, 9, 25, 3.1129, 21.8739, 17.9415, -17.3585);
INSERT INTO `calc_strategy_player` VALUES (666, 9, 26, 2.6813, 18.9797, 15.0473, -10.2527);
INSERT INTO `calc_strategy_player` VALUES (667, 9, 27, 3.5149, 24.5695, 20.6371, -3.0629);
INSERT INTO `calc_strategy_player` VALUES (668, 9, 28, 4.9931, 34.4817, 30.5493, 2.7493);
INSERT INTO `calc_strategy_player` VALUES (669, 9, 29, 2.8810, 20.3188, 16.3864, -2.3136);
INSERT INTO `calc_strategy_player` VALUES (670, 9, 30, 4.3144, 29.9306, 25.9982, 5.4982);
INSERT INTO `calc_strategy_player` VALUES (671, 9, 31, 4.3946, 30.4684, 26.5360, -0.0640);
INSERT INTO `calc_strategy_player` VALUES (672, 9, 32, 4.1368, 28.7397, 24.8073, 4.5073);
INSERT INTO `calc_strategy_player` VALUES (673, 9, 33, 6.0188, 41.3597, 37.4273, 13.4273);
INSERT INTO `calc_strategy_player` VALUES (674, 9, 34, 2.7370, 19.3532, 15.4208, -5.1792);
INSERT INTO `calc_strategy_player` VALUES (675, 9, 35, 5.1787, 35.7263, 31.7939, 7.7939);
INSERT INTO `calc_strategy_player` VALUES (676, 9, 36, 3.0634, 21.5419, 17.6095, 3.4095);
INSERT INTO `calc_strategy_player` VALUES (677, 9, 37, 4.1883, 29.0851, 25.1527, 12.8527);
INSERT INTO `calc_strategy_player` VALUES (678, 9, 38, 4.0623, 28.2402, 24.3078, 1.2078);
INSERT INTO `calc_strategy_player` VALUES (679, 9, 39, 3.7017, 25.8221, 21.8897, 1.5897);
INSERT INTO `calc_strategy_player` VALUES (680, 9, 40, 3.4912, 24.4106, 20.4782, -1.5218);
INSERT INTO `calc_strategy_player` VALUES (681, 9, 41, 3.5320, 24.6842, 20.7518, 3.5518);
INSERT INTO `calc_strategy_player` VALUES (682, 9, 42, 2.2642, 16.1828, 12.2504, -6.0496);
INSERT INTO `calc_strategy_player` VALUES (683, 9, 43, 3.4292, 23.9948, 20.0624, 7.5624);
INSERT INTO `calc_strategy_player` VALUES (684, 9, 44, 6.8010, 46.6048, 42.6724, 24.4724);
INSERT INTO `calc_strategy_player` VALUES (685, 9, 45, 3.3474, 23.4463, 19.5139, -1.8861);
INSERT INTO `calc_strategy_player` VALUES (686, 9, 46, 2.7558, 19.4793, 15.5469, 1.8469);
INSERT INTO `calc_strategy_player` VALUES (687, 9, 47, 3.3273, 23.3115, 19.3791, 8.9791);
INSERT INTO `calc_strategy_player` VALUES (688, 9, 48, 2.7125, 19.1889, 15.2565, -3.8435);
INSERT INTO `calc_strategy_player` VALUES (689, 9, 49, 4.1765, 29.0059, 25.0735, 8.1735);
INSERT INTO `calc_strategy_player` VALUES (690, 9, 50, 5.3266, 36.7180, 32.7856, 9.3856);
INSERT INTO `calc_strategy_player` VALUES (691, 9, 51, 2.5344, 17.9947, 14.0623, -8.7377);
INSERT INTO `calc_strategy_player` VALUES (692, 9, 52, 1.4699, 10.8566, 6.9242, -0.8758);
INSERT INTO `calc_strategy_player` VALUES (693, 9, 53, 0.8430, 6.6528, 2.7204, -1.9796);
INSERT INTO `calc_strategy_player` VALUES (694, 9, 54, 3.2325, 22.6759, 18.7435, -7.0565);
INSERT INTO `calc_strategy_player` VALUES (695, 9, 55, 6.8701, 47.0681, 43.1357, 25.8357);
INSERT INTO `calc_strategy_player` VALUES (696, 9, 56, 3.4707, 24.2731, 20.3407, -2.0593);
INSERT INTO `calc_strategy_player` VALUES (697, 9, 57, 3.7912, 26.4223, 22.4899, -11.8101);
INSERT INTO `calc_strategy_player` VALUES (698, 9, 58, 3.0950, 21.7538, 17.8214, 2.0214);
INSERT INTO `calc_strategy_player` VALUES (699, 9, 59, 1.7773, 12.9179, 8.9855, 0.3855);
INSERT INTO `calc_strategy_player` VALUES (700, 9, 60, 2.3893, 17.0217, 13.0893, 9.9893);
INSERT INTO `calc_strategy_player` VALUES (701, 9, 61, 1.6143, 11.8249, 7.8925, -1.5075);
INSERT INTO `calc_strategy_player` VALUES (702, 9, 62, 2.2136, 15.8435, 11.9111, -0.9889);
INSERT INTO `calc_strategy_player` VALUES (703, 9, 63, 1.6209, 11.8691, 7.9367, -4.3633);
INSERT INTO `calc_strategy_player` VALUES (704, 9, 64, 3.0351, 21.3522, 17.4198, 3.0198);
INSERT INTO `calc_strategy_player` VALUES (705, 9, 65, 1.7558, 12.7737, 8.8413, -7.2587);
INSERT INTO `calc_strategy_player` VALUES (706, 9, 66, 6.1515, 42.2495, 38.3171, 32.3171);
INSERT INTO `calc_strategy_player` VALUES (707, 9, 67, 2.3495, 16.7548, 12.8224, 2.9224);
INSERT INTO `calc_strategy_player` VALUES (708, 9, 68, 1.2866, 9.6274, 5.6950, 1.9950);
INSERT INTO `calc_strategy_player` VALUES (709, 9, 69, 1.0487, 8.0322, 4.0998, -11.2002);
INSERT INTO `calc_strategy_player` VALUES (710, 9, 70, 5.7838, 39.7838, 35.8514, 10.4514);
INSERT INTO `calc_strategy_player` VALUES (711, 9, 71, 1.1789, 8.9052, 4.9728, 1.9728);
INSERT INTO `calc_strategy_player` VALUES (712, 9, 72, 7.5277, 51.4777, 47.5453, 33.2453);
INSERT INTO `calc_strategy_player` VALUES (713, 9, 73, 4.7407, 32.7892, 28.8568, 14.9568);
INSERT INTO `calc_strategy_player` VALUES (714, 9, 74, 3.9077, 27.2035, 23.2711, 17.0711);
INSERT INTO `calc_strategy_player` VALUES (715, 9, 75, 4.4109, 30.5777, 26.6453, 21.0453);
INSERT INTO `calc_strategy_player` VALUES (716, 9, 76, 0.7354, 5.9313, 1.9989, 0.0989);
INSERT INTO `calc_strategy_player` VALUES (717, 9, 77, 3.2462, 22.7677, 18.8353, 15.4353);
INSERT INTO `calc_strategy_player` VALUES (718, 9, 78, 0.5860, 4.9295, 0.9971, -0.4029);
INSERT INTO `calc_strategy_player` VALUES (719, 9, 79, 0.8013, 6.3732, 2.4408, 0.3408);
INSERT INTO `calc_strategy_player` VALUES (720, 9, 80, 0.4373, 3.9324, 0.0000, -1.2000);
INSERT INTO `calc_strategy_player` VALUES (721, 10, 1, 10.4732, 63.7648, 61.7838, 12.0838);
INSERT INTO `calc_strategy_player` VALUES (722, 10, 2, 9.0507, 55.2399, 53.2589, -0.8411);
INSERT INTO `calc_strategy_player` VALUES (723, 10, 3, 9.1693, 55.9507, 53.9697, 4.0697);
INSERT INTO `calc_strategy_player` VALUES (724, 10, 4, 7.2109, 44.2142, 42.2332, -2.3668);
INSERT INTO `calc_strategy_player` VALUES (725, 10, 5, 8.8554, 54.0695, 52.0885, -0.2115);
INSERT INTO `calc_strategy_player` VALUES (726, 10, 6, 7.0934, 43.5100, 41.5290, 1.5290);
INSERT INTO `calc_strategy_player` VALUES (727, 10, 7, 6.0792, 37.4320, 35.4510, -4.7490);
INSERT INTO `calc_strategy_player` VALUES (728, 10, 8, 7.7502, 47.4462, 45.4652, -2.3348);
INSERT INTO `calc_strategy_player` VALUES (729, 10, 9, 5.3806, 33.2454, 31.2644, -14.0356);
INSERT INTO `calc_strategy_player` VALUES (730, 10, 10, 8.6803, 53.0202, 51.0392, 15.7392);
INSERT INTO `calc_strategy_player` VALUES (731, 10, 11, 5.9006, 36.3617, 34.3807, 6.9807);
INSERT INTO `calc_strategy_player` VALUES (732, 10, 12, 6.3102, 38.8164, 36.8354, -6.9646);
INSERT INTO `calc_strategy_player` VALUES (733, 10, 13, 10.3217, 62.8569, 60.8759, 29.6759);
INSERT INTO `calc_strategy_player` VALUES (734, 10, 14, 9.1633, 55.9147, 53.9337, 7.9337);
INSERT INTO `calc_strategy_player` VALUES (735, 10, 15, 5.1190, 31.6777, 29.6967, -3.6033);
INSERT INTO `calc_strategy_player` VALUES (736, 10, 16, 6.8758, 42.2060, 40.2250, 11.0250);
INSERT INTO `calc_strategy_player` VALUES (737, 10, 17, 5.4472, 33.6445, 31.6635, 10.4635);
INSERT INTO `calc_strategy_player` VALUES (738, 10, 18, 6.9246, 42.4984, 40.5174, 11.3174);
INSERT INTO `calc_strategy_player` VALUES (739, 10, 19, 7.3329, 44.9453, 42.9643, 31.3643);
INSERT INTO `calc_strategy_player` VALUES (740, 10, 20, 3.6737, 23.0161, 21.0351, -5.1649);
INSERT INTO `calc_strategy_player` VALUES (741, 10, 21, 3.0705, 19.4012, 17.4202, -3.3798);
INSERT INTO `calc_strategy_player` VALUES (742, 10, 22, 5.9788, 36.8304, 34.8494, 2.9494);
INSERT INTO `calc_strategy_player` VALUES (743, 10, 23, 4.2983, 26.7593, 24.7783, 10.9783);
INSERT INTO `calc_strategy_player` VALUES (744, 10, 24, 3.8716, 24.2021, 22.2211, 2.6211);
INSERT INTO `calc_strategy_player` VALUES (745, 10, 25, 4.6154, 28.6596, 26.6786, -8.6214);
INSERT INTO `calc_strategy_player` VALUES (746, 10, 26, 1.1999, 8.1909, 6.2099, -19.0901);
INSERT INTO `calc_strategy_player` VALUES (747, 10, 27, 5.8760, 36.2143, 34.2333, 10.5333);
INSERT INTO `calc_strategy_player` VALUES (748, 10, 28, 5.3894, 33.2981, 31.3171, 3.5171);
INSERT INTO `calc_strategy_player` VALUES (749, 10, 29, 4.9398, 30.6037, 28.6227, 9.9227);
INSERT INTO `calc_strategy_player` VALUES (750, 10, 30, 5.4923, 33.9148, 31.9338, 11.4338);
INSERT INTO `calc_strategy_player` VALUES (751, 10, 31, 4.0554, 25.3036, 23.3226, -3.2774);
INSERT INTO `calc_strategy_player` VALUES (752, 10, 32, 6.8924, 42.3055, 40.3245, 20.0245);
INSERT INTO `calc_strategy_player` VALUES (753, 10, 33, 3.6034, 22.5948, 20.6138, -3.3862);
INSERT INTO `calc_strategy_player` VALUES (754, 10, 34, 2.9490, 18.6731, 16.6921, -3.9079);
INSERT INTO `calc_strategy_player` VALUES (755, 10, 35, 5.0556, 31.2977, 29.3167, 5.3167);
INSERT INTO `calc_strategy_player` VALUES (756, 10, 36, 6.2301, 38.3364, 36.3554, 22.1554);
INSERT INTO `calc_strategy_player` VALUES (757, 10, 37, 4.7017, 29.1768, 27.1958, 14.8958);
INSERT INTO `calc_strategy_player` VALUES (758, 10, 38, 5.1016, 31.5734, 29.5924, 6.4924);
INSERT INTO `calc_strategy_player` VALUES (759, 10, 39, 4.1789, 26.0437, 24.0627, 3.7627);
INSERT INTO `calc_strategy_player` VALUES (760, 10, 40, 3.2084, 20.2276, 18.2466, -3.7534);
INSERT INTO `calc_strategy_player` VALUES (761, 10, 41, 4.9987, 30.9567, 28.9757, 11.7757);
INSERT INTO `calc_strategy_player` VALUES (762, 10, 42, 3.1482, 19.8668, 17.8858, -0.4142);
INSERT INTO `calc_strategy_player` VALUES (763, 10, 43, 3.4377, 21.6018, 19.6208, 7.1208);
INSERT INTO `calc_strategy_player` VALUES (764, 10, 44, 6.3678, 39.1616, 37.1806, 18.9806);
INSERT INTO `calc_strategy_player` VALUES (765, 10, 45, 4.3146, 26.8570, 24.8760, 3.4760);
INSERT INTO `calc_strategy_player` VALUES (766, 10, 46, 2.7101, 17.2414, 15.2604, 1.5604);
INSERT INTO `calc_strategy_player` VALUES (767, 10, 47, 3.5007, 21.9793, 19.9983, 9.5983);
INSERT INTO `calc_strategy_player` VALUES (768, 10, 48, 2.7567, 17.5206, 15.5396, -3.5604);
INSERT INTO `calc_strategy_player` VALUES (769, 10, 49, 3.7432, 23.4326, 21.4516, 4.5516);
INSERT INTO `calc_strategy_player` VALUES (770, 10, 50, 3.4052, 21.4070, 19.4260, -3.9740);
INSERT INTO `calc_strategy_player` VALUES (771, 10, 51, 5.1122, 31.6369, 29.6559, 6.8559);
INSERT INTO `calc_strategy_player` VALUES (772, 10, 52, 2.1758, 14.0394, 12.0584, 4.2584);
INSERT INTO `calc_strategy_player` VALUES (773, 10, 53, 0.4378, 3.6237, 1.6427, -3.0573);
INSERT INTO `calc_strategy_player` VALUES (774, 10, 54, 2.2078, 14.2311, 12.2501, -13.5499);
INSERT INTO `calc_strategy_player` VALUES (775, 10, 55, 6.2591, 38.5102, 36.5292, 19.2292);
INSERT INTO `calc_strategy_player` VALUES (776, 10, 56, 1.7243, 11.3336, 9.3526, -13.0474);
INSERT INTO `calc_strategy_player` VALUES (777, 10, 57, 2.6517, 16.8914, 14.9104, -19.3896);
INSERT INTO `calc_strategy_player` VALUES (778, 10, 58, 2.9797, 18.8570, 16.8760, 1.0760);
INSERT INTO `calc_strategy_player` VALUES (779, 10, 59, 2.1538, 13.9075, 11.9265, 3.3265);
INSERT INTO `calc_strategy_player` VALUES (780, 10, 60, 4.5449, 28.2371, 26.2561, 23.1561);
INSERT INTO `calc_strategy_player` VALUES (781, 10, 61, 1.6043, 10.6144, 8.6334, -0.7666);
INSERT INTO `calc_strategy_player` VALUES (782, 10, 62, 4.8399, 30.0050, 28.0240, 15.1240);
INSERT INTO `calc_strategy_player` VALUES (783, 10, 63, 0.6471, 4.8780, 2.8970, -9.4030);
INSERT INTO `calc_strategy_player` VALUES (784, 10, 64, 2.7674, 17.5848, 15.6038, 1.2038);
INSERT INTO `calc_strategy_player` VALUES (785, 10, 65, 3.2786, 20.6483, 18.6673, 2.5673);
INSERT INTO `calc_strategy_player` VALUES (786, 10, 66, 5.0960, 31.5398, 29.5588, 23.5588);
INSERT INTO `calc_strategy_player` VALUES (787, 10, 67, 3.6940, 23.1378, 21.1568, 11.2568);
INSERT INTO `calc_strategy_player` VALUES (788, 10, 68, 0.7337, 5.3970, 3.4160, -0.2840);
INSERT INTO `calc_strategy_player` VALUES (789, 10, 69, 0.8477, 6.0802, 4.0992, -11.2008);
INSERT INTO `calc_strategy_player` VALUES (790, 10, 70, 8.0574, 49.2872, 47.3062, 21.9062);
INSERT INTO `calc_strategy_player` VALUES (791, 10, 71, 3.6764, 23.0323, 21.0513, 18.0513);
INSERT INTO `calc_strategy_player` VALUES (792, 10, 72, 6.5937, 40.5154, 38.5344, 24.2344);
INSERT INTO `calc_strategy_player` VALUES (793, 10, 73, 5.8916, 36.3078, 34.3268, 20.4268);
INSERT INTO `calc_strategy_player` VALUES (794, 10, 74, 3.7284, 23.3439, 21.3629, 15.1629);
INSERT INTO `calc_strategy_player` VALUES (795, 10, 75, 3.3259, 20.9318, 18.9508, 13.3508);
INSERT INTO `calc_strategy_player` VALUES (796, 10, 76, 2.6316, 16.7709, 14.7899, 12.8899);
INSERT INTO `calc_strategy_player` VALUES (797, 10, 77, 2.1047, 13.6133, 11.6323, 8.2323);
INSERT INTO `calc_strategy_player` VALUES (798, 10, 78, 3.4162, 21.4729, 19.4919, 18.0919);
INSERT INTO `calc_strategy_player` VALUES (799, 10, 79, 1.1881, 8.1202, 6.1392, 4.0392);
INSERT INTO `calc_strategy_player` VALUES (800, 10, 80, 0.1637, 1.9810, 0.0000, -1.2000);
INSERT INTO `calc_strategy_player` VALUES (801, 11, 1, 8.4464, 58.5960, 56.2254, 6.5254);
INSERT INTO `calc_strategy_player` VALUES (802, 11, 2, 8.0418, 55.8370, 53.4664, -0.6336);
INSERT INTO `calc_strategy_player` VALUES (803, 11, 3, 7.6508, 53.1708, 50.8002, 0.9002);
INSERT INTO `calc_strategy_player` VALUES (804, 11, 4, 6.1723, 43.0889, 40.7183, -3.8817);
INSERT INTO `calc_strategy_player` VALUES (805, 11, 5, 9.5164, 65.8923, 63.5217, 11.2217);
INSERT INTO `calc_strategy_player` VALUES (806, 11, 6, 4.9225, 34.5665, 32.1959, -7.8041);
INSERT INTO `calc_strategy_player` VALUES (807, 11, 7, 8.0835, 56.1214, 53.7508, 13.5508);
INSERT INTO `calc_strategy_player` VALUES (808, 11, 8, 8.4796, 58.8224, 56.4518, 8.6518);
INSERT INTO `calc_strategy_player` VALUES (809, 11, 9, 7.3992, 51.4551, 49.0845, 3.7845);
INSERT INTO `calc_strategy_player` VALUES (810, 11, 10, 6.5114, 45.4012, 43.0306, 7.7306);
INSERT INTO `calc_strategy_player` VALUES (811, 11, 11, 3.2870, 23.4141, 21.0435, -6.3565);
INSERT INTO `calc_strategy_player` VALUES (812, 11, 12, 6.0027, 41.9324, 39.5618, -4.2382);
INSERT INTO `calc_strategy_player` VALUES (813, 11, 13, 6.6903, 46.6212, 44.2506, 13.0506);
INSERT INTO `calc_strategy_player` VALUES (814, 11, 14, 8.9064, 61.7327, 59.3621, 13.3621);
INSERT INTO `calc_strategy_player` VALUES (815, 11, 15, 5.0275, 35.2825, 32.9119, -0.3881);
INSERT INTO `calc_strategy_player` VALUES (816, 11, 16, 4.9376, 34.6695, 32.2989, 3.0989);
INSERT INTO `calc_strategy_player` VALUES (817, 11, 17, 3.4507, 24.5303, 22.1597, 0.9597);
INSERT INTO `calc_strategy_player` VALUES (818, 11, 18, 5.6743, 39.6931, 37.3225, 8.1225);
INSERT INTO `calc_strategy_player` VALUES (819, 11, 19, 6.3787, 44.4964, 42.1258, 30.5258);
INSERT INTO `calc_strategy_player` VALUES (820, 11, 20, 2.8685, 20.5603, 18.1897, -8.0103);
INSERT INTO `calc_strategy_player` VALUES (821, 11, 21, 6.3123, 44.0436, 41.6730, 20.8730);
INSERT INTO `calc_strategy_player` VALUES (822, 11, 22, 4.7796, 33.5921, 31.2215, -0.6785);
INSERT INTO `calc_strategy_player` VALUES (823, 11, 23, 3.0418, 21.7420, 19.3714, 5.5714);
INSERT INTO `calc_strategy_player` VALUES (824, 11, 24, 2.3044, 16.7137, 14.3431, -5.2569);
INSERT INTO `calc_strategy_player` VALUES (825, 11, 25, 4.1965, 29.6159, 27.2453, -8.0547);
INSERT INTO `calc_strategy_player` VALUES (826, 11, 26, 3.4105, 24.2562, 21.8856, -3.4144);
INSERT INTO `calc_strategy_player` VALUES (827, 11, 27, 3.4911, 24.8058, 22.4352, -1.2648);
INSERT INTO `calc_strategy_player` VALUES (828, 11, 28, 7.8598, 54.5960, 52.2254, 24.4254);
INSERT INTO `calc_strategy_player` VALUES (829, 11, 29, 3.0530, 21.8184, 19.4478, 0.7478);
INSERT INTO `calc_strategy_player` VALUES (830, 11, 30, 4.4617, 31.4243, 29.0537, 8.5537);
INSERT INTO `calc_strategy_player` VALUES (831, 11, 31, 2.9970, 21.4365, 19.0659, -7.5341);
INSERT INTO `calc_strategy_player` VALUES (832, 11, 32, 4.4397, 31.2743, 28.9037, 8.6037);
INSERT INTO `calc_strategy_player` VALUES (833, 11, 33, 4.6844, 32.9429, 30.5723, 6.5723);
INSERT INTO `calc_strategy_player` VALUES (834, 11, 34, 1.6367, 12.1607, 9.7901, -10.8099);
INSERT INTO `calc_strategy_player` VALUES (835, 11, 35, 3.6154, 25.6534, 23.2828, -0.7172);
INSERT INTO `calc_strategy_player` VALUES (836, 11, 36, 5.4601, 38.2324, 35.8618, 21.6618);
INSERT INTO `calc_strategy_player` VALUES (837, 11, 37, 2.8617, 20.5139, 18.1433, 5.8433);
INSERT INTO `calc_strategy_player` VALUES (838, 11, 38, 4.7415, 33.3323, 30.9617, 7.8617);
INSERT INTO `calc_strategy_player` VALUES (839, 11, 39, 2.0876, 15.2353, 12.8647, -7.4353);
INSERT INTO `calc_strategy_player` VALUES (840, 11, 40, 1.0361, 8.0652, 5.6946, -16.3054);
INSERT INTO `calc_strategy_player` VALUES (841, 11, 41, 2.3571, 17.0731, 14.7025, -2.4975);
INSERT INTO `calc_strategy_player` VALUES (842, 11, 42, 0.8840, 7.0280, 4.6574, -13.6426);
INSERT INTO `calc_strategy_player` VALUES (843, 11, 43, 0.7208, 5.9151, 3.5445, -8.9555);
INSERT INTO `calc_strategy_player` VALUES (844, 11, 44, 8.0493, 55.8882, 53.5176, 35.3176);
INSERT INTO `calc_strategy_player` VALUES (845, 11, 45, 2.9139, 20.8699, 18.4993, -2.9007);
INSERT INTO `calc_strategy_player` VALUES (846, 11, 46, 1.9751, 14.4682, 12.0976, -1.6024);
INSERT INTO `calc_strategy_player` VALUES (847, 11, 47, 0.4506, 4.0726, 1.7020, -8.6980);
INSERT INTO `calc_strategy_player` VALUES (848, 11, 48, 2.8323, 20.3135, 17.9429, -1.1571);
INSERT INTO `calc_strategy_player` VALUES (849, 11, 49, 1.1264, 8.6809, 6.3103, -10.5897);
INSERT INTO `calc_strategy_player` VALUES (850, 11, 50, 3.4054, 24.2214, 21.8508, -1.5492);
INSERT INTO `calc_strategy_player` VALUES (851, 11, 51, 2.5778, 18.5780, 16.2074, -6.5926);
INSERT INTO `calc_strategy_player` VALUES (852, 11, 52, 1.1059, 8.5411, 6.1705, -1.6295);
INSERT INTO `calc_strategy_player` VALUES (853, 11, 53, 0.6052, 5.1269, 2.7563, -1.9437);
INSERT INTO `calc_strategy_player` VALUES (854, 11, 54, 5.0244, 35.2614, 32.8908, 7.0908);
INSERT INTO `calc_strategy_player` VALUES (855, 11, 55, 7.1230, 49.5717, 47.2011, 29.9011);
INSERT INTO `calc_strategy_player` VALUES (856, 11, 56, 4.1337, 29.1877, 26.8171, 4.4171);
INSERT INTO `calc_strategy_player` VALUES (857, 11, 57, 5.4543, 38.1929, 35.8223, 1.5223);
INSERT INTO `calc_strategy_player` VALUES (858, 11, 58, 3.2816, 23.3772, 21.0066, 5.2066);
INSERT INTO `calc_strategy_player` VALUES (859, 11, 59, 2.6171, 18.8460, 16.4754, 7.8754);
INSERT INTO `calc_strategy_player` VALUES (860, 11, 60, 5.8115, 40.6286, 38.2580, 35.1580);
INSERT INTO `calc_strategy_player` VALUES (861, 11, 61, 1.7490, 12.9264, 10.5558, 1.1558);
INSERT INTO `calc_strategy_player` VALUES (862, 11, 62, 5.5469, 38.8243, 36.4537, 23.5537);
INSERT INTO `calc_strategy_player` VALUES (863, 11, 63, 2.2680, 16.4655, 14.0949, 1.7949);
INSERT INTO `calc_strategy_player` VALUES (864, 11, 64, 1.5943, 11.8715, 9.5009, -4.8991);
INSERT INTO `calc_strategy_player` VALUES (865, 11, 65, 2.0884, 15.2408, 12.8702, -3.2298);
INSERT INTO `calc_strategy_player` VALUES (866, 11, 66, 3.8623, 27.3370, 24.9664, 18.9664);
INSERT INTO `calc_strategy_player` VALUES (867, 11, 67, 2.5152, 18.1511, 15.7805, 5.8805);
INSERT INTO `calc_strategy_player` VALUES (868, 11, 68, 0.8195, 6.5882, 4.2176, 0.5176);
INSERT INTO `calc_strategy_player` VALUES (869, 11, 69, 0.2010, 2.3706, 0.0000, -15.3000);
INSERT INTO `calc_strategy_player` VALUES (870, 11, 70, 5.1646, 36.2174, 33.8468, 8.4468);
INSERT INTO `calc_strategy_player` VALUES (871, 11, 71, 2.9059, 20.8153, 18.4447, 15.4447);
INSERT INTO `calc_strategy_player` VALUES (872, 11, 72, 7.6242, 52.9894, 50.6188, 36.3188);
INSERT INTO `calc_strategy_player` VALUES (873, 11, 73, 4.3938, 30.9613, 28.5907, 14.6907);
INSERT INTO `calc_strategy_player` VALUES (874, 11, 74, 2.4188, 17.4938, 15.1232, 8.9232);
INSERT INTO `calc_strategy_player` VALUES (875, 11, 75, 3.5065, 24.9108, 22.5402, 16.9402);
INSERT INTO `calc_strategy_player` VALUES (876, 11, 76, 2.4434, 17.6615, 15.2909, 13.3909);
INSERT INTO `calc_strategy_player` VALUES (877, 11, 77, 4.3691, 30.7929, 28.4223, 25.0223);
INSERT INTO `calc_strategy_player` VALUES (878, 11, 78, 3.4162, 24.2951, 21.9245, 20.5245);
INSERT INTO `calc_strategy_player` VALUES (879, 11, 79, 0.9340, 7.3689, 4.9983, 2.8983);
INSERT INTO `calc_strategy_player` VALUES (880, 11, 80, 0.3713, 3.5319, 1.1613, -0.0387);
INSERT INTO `calc_strategy_player` VALUES (881, 12, 1, 11.6151, 53.3016, 48.3913, -1.3087);
INSERT INTO `calc_strategy_player` VALUES (882, 12, 2, 12.0754, 55.3743, 50.4640, -3.6360);
INSERT INTO `calc_strategy_player` VALUES (883, 12, 3, 9.8895, 45.5314, 40.6211, -9.2789);
INSERT INTO `calc_strategy_player` VALUES (884, 12, 4, 9.9952, 46.0074, 41.0971, -3.5029);
INSERT INTO `calc_strategy_player` VALUES (885, 12, 5, 11.1073, 51.0151, 46.1048, -6.1952);
INSERT INTO `calc_strategy_player` VALUES (886, 12, 6, 8.2992, 38.3705, 33.4602, -6.5398);
INSERT INTO `calc_strategy_player` VALUES (887, 12, 7, 6.7665, 31.4689, 26.5586, -13.6414);
INSERT INTO `calc_strategy_player` VALUES (888, 12, 8, 11.1020, 50.9912, 46.0809, -1.7191);
INSERT INTO `calc_strategy_player` VALUES (889, 12, 9, 9.0159, 41.5977, 36.6874, -8.6126);
INSERT INTO `calc_strategy_player` VALUES (890, 12, 10, 9.5957, 44.2085, 39.2982, 3.9982);
INSERT INTO `calc_strategy_player` VALUES (891, 12, 11, 7.3690, 34.1819, 29.2716, 1.8716);
INSERT INTO `calc_strategy_player` VALUES (892, 12, 12, 6.1254, 28.5821, 23.6718, -20.1282);
INSERT INTO `calc_strategy_player` VALUES (893, 12, 13, 10.3838, 47.7572, 42.8469, 11.6469);
INSERT INTO `calc_strategy_player` VALUES (894, 12, 14, 11.0347, 50.6882, 45.7779, -0.2221);
INSERT INTO `calc_strategy_player` VALUES (895, 12, 15, 8.4512, 39.0549, 34.1446, 0.8446);
INSERT INTO `calc_strategy_player` VALUES (896, 12, 16, 8.3377, 38.5438, 33.6335, 4.4335);
INSERT INTO `calc_strategy_player` VALUES (897, 12, 17, 6.5062, 30.2968, 25.3865, 4.1865);
INSERT INTO `calc_strategy_player` VALUES (898, 12, 18, 8.9741, 41.4095, 36.4992, 7.2992);
INSERT INTO `calc_strategy_player` VALUES (899, 12, 19, 7.1915, 33.3826, 28.4723, 16.8723);
INSERT INTO `calc_strategy_player` VALUES (900, 12, 20, 5.6178, 26.2964, 21.3861, -4.8139);
INSERT INTO `calc_strategy_player` VALUES (901, 12, 21, 4.7124, 22.2195, 17.3092, -3.4908);
INSERT INTO `calc_strategy_player` VALUES (902, 12, 22, 8.2304, 38.0607, 33.1504, 1.2504);
INSERT INTO `calc_strategy_player` VALUES (903, 12, 23, 6.2279, 29.0436, 24.1333, 10.3333);
INSERT INTO `calc_strategy_player` VALUES (904, 12, 24, 5.9611, 27.8422, 22.9319, 3.3319);
INSERT INTO `calc_strategy_player` VALUES (905, 12, 25, 6.9164, 32.1439, 27.2336, -8.0664);
INSERT INTO `calc_strategy_player` VALUES (906, 12, 26, 3.9417, 18.7491, 13.8388, -11.4612);
INSERT INTO `calc_strategy_player` VALUES (907, 12, 27, 7.1385, 33.1440, 28.2337, 4.5337);
INSERT INTO `calc_strategy_player` VALUES (908, 12, 28, 6.1435, 28.6636, 23.7533, -4.0467);
INSERT INTO `calc_strategy_player` VALUES (909, 12, 29, 6.9195, 32.1578, 27.2475, 8.5475);
INSERT INTO `calc_strategy_player` VALUES (910, 12, 30, 5.5904, 26.1730, 21.2627, 0.7627);
INSERT INTO `calc_strategy_player` VALUES (911, 12, 31, 6.6929, 31.1375, 26.2272, -0.3728);
INSERT INTO `calc_strategy_player` VALUES (912, 12, 32, 7.1677, 33.2754, 28.3651, 8.0651);
INSERT INTO `calc_strategy_player` VALUES (913, 12, 33, 7.8379, 36.2933, 31.3830, 7.3830);
INSERT INTO `calc_strategy_player` VALUES (914, 12, 34, 3.8296, 18.2443, 13.3340, -7.2660);
INSERT INTO `calc_strategy_player` VALUES (915, 12, 35, 7.7844, 36.0524, 31.1421, 7.1421);
INSERT INTO `calc_strategy_player` VALUES (916, 12, 36, 6.2495, 29.1409, 24.2306, 10.0306);
INSERT INTO `calc_strategy_player` VALUES (917, 12, 37, 7.0352, 32.6788, 27.7685, 15.4685);
INSERT INTO `calc_strategy_player` VALUES (918, 12, 38, 4.2815, 20.2792, 15.3689, -7.7311);
INSERT INTO `calc_strategy_player` VALUES (919, 12, 39, 4.2348, 20.0689, 15.1586, -5.1414);
INSERT INTO `calc_strategy_player` VALUES (920, 12, 40, 5.1304, 24.1017, 19.1914, -2.8086);
INSERT INTO `calc_strategy_player` VALUES (921, 12, 41, 6.2587, 29.1823, 24.2720, 7.0720);
INSERT INTO `calc_strategy_player` VALUES (922, 12, 42, 6.0900, 28.4227, 23.5124, 5.2124);
INSERT INTO `calc_strategy_player` VALUES (923, 12, 43, 7.2057, 33.4465, 28.5362, 16.0362);
INSERT INTO `calc_strategy_player` VALUES (924, 12, 44, 7.2379, 33.5915, 28.6812, 10.4812);
INSERT INTO `calc_strategy_player` VALUES (925, 12, 45, 4.6236, 21.8196, 16.9093, -4.4907);
INSERT INTO `calc_strategy_player` VALUES (926, 12, 46, 3.7966, 18.0957, 13.1854, -0.5146);
INSERT INTO `calc_strategy_player` VALUES (927, 12, 47, 6.5931, 30.6881, 25.7778, 15.3778);
INSERT INTO `calc_strategy_player` VALUES (928, 12, 48, 5.4645, 25.6061, 20.6958, 1.5958);
INSERT INTO `calc_strategy_player` VALUES (929, 12, 49, 7.1739, 33.3034, 28.3931, 11.4931);
INSERT INTO `calc_strategy_player` VALUES (930, 12, 50, 6.2618, 29.1963, 24.2860, 0.8860);
INSERT INTO `calc_strategy_player` VALUES (931, 12, 51, 7.4915, 34.7335, 29.8232, 7.0232);
INSERT INTO `calc_strategy_player` VALUES (932, 12, 52, 1.7758, 8.9962, 4.0859, -3.7141);
INSERT INTO `calc_strategy_player` VALUES (933, 12, 53, 0.8684, 4.9103, 0.0000, -4.7000);
INSERT INTO `calc_strategy_player` VALUES (934, 12, 54, 4.6085, 21.7516, 16.8413, -8.9587);
INSERT INTO `calc_strategy_player` VALUES (935, 12, 55, 9.4172, 43.4047, 38.4944, 21.1944);
INSERT INTO `calc_strategy_player` VALUES (936, 12, 56, 3.0724, 14.8347, 9.9244, -12.4756);
INSERT INTO `calc_strategy_player` VALUES (937, 12, 57, 5.1014, 23.9711, 19.0608, -15.2392);
INSERT INTO `calc_strategy_player` VALUES (938, 12, 58, 3.7875, 18.0547, 13.1444, -2.6556);
INSERT INTO `calc_strategy_player` VALUES (939, 12, 59, 2.3837, 11.7336, 6.8233, -1.7767);
INSERT INTO `calc_strategy_player` VALUES (940, 12, 60, 4.6888, 22.1132, 17.2029, 14.1029);
INSERT INTO `calc_strategy_player` VALUES (941, 12, 61, 2.2458, 11.1126, 6.2023, -3.1977);
INSERT INTO `calc_strategy_player` VALUES (942, 12, 62, 4.0403, 19.1931, 14.2828, 1.3828);
INSERT INTO `calc_strategy_player` VALUES (943, 12, 63, 2.4934, 12.2275, 7.3172, -4.9828);
INSERT INTO `calc_strategy_player` VALUES (944, 12, 64, 3.9148, 18.6280, 13.7177, -0.6823);
INSERT INTO `calc_strategy_player` VALUES (945, 12, 65, 4.5465, 21.4724, 16.5621, 0.4621);
INSERT INTO `calc_strategy_player` VALUES (946, 12, 66, 6.8437, 31.8165, 26.9062, 20.9062);
INSERT INTO `calc_strategy_player` VALUES (947, 12, 67, 5.6759, 26.5580, 21.6477, 11.7477);
INSERT INTO `calc_strategy_player` VALUES (948, 12, 68, 3.3015, 15.8663, 10.9560, 7.2560);
INSERT INTO `calc_strategy_player` VALUES (949, 12, 69, 1.9253, 9.6694, 4.7591, -10.5409);
INSERT INTO `calc_strategy_player` VALUES (950, 12, 70, 9.7136, 44.7394, 39.8291, 14.4291);
INSERT INTO `calc_strategy_player` VALUES (951, 12, 71, 4.5366, 21.4279, 16.5176, 13.5176);
INSERT INTO `calc_strategy_player` VALUES (952, 12, 72, 8.5546, 39.5205, 34.6102, 20.3102);
INSERT INTO `calc_strategy_player` VALUES (953, 12, 73, 6.5261, 30.3864, 25.4761, 11.5761);
INSERT INTO `calc_strategy_player` VALUES (954, 12, 74, 4.0379, 19.1823, 14.2720, 8.0720);
INSERT INTO `calc_strategy_player` VALUES (955, 12, 75, 4.4780, 21.1640, 16.2537, 10.6537);
INSERT INTO `calc_strategy_player` VALUES (956, 12, 76, 3.6505, 17.4378, 12.5275, 10.6275);
INSERT INTO `calc_strategy_player` VALUES (957, 12, 77, 4.7263, 22.2821, 17.3718, 13.9718);
INSERT INTO `calc_strategy_player` VALUES (958, 12, 78, 2.8302, 13.7441, 8.8338, 7.4338);
INSERT INTO `calc_strategy_player` VALUES (959, 12, 79, 2.2070, 10.9379, 6.0276, 3.9276);
INSERT INTO `calc_strategy_player` VALUES (960, 12, 80, 1.3830, 7.2275, 2.3172, 1.1172);
INSERT INTO `calc_strategy_player` VALUES (961, 13, 1, 7.9134, 49.0533, 48.0533, -1.6467);
INSERT INTO `calc_strategy_player` VALUES (962, 13, 2, 9.2629, 57.2480, 56.2480, 2.1480);
INSERT INTO `calc_strategy_player` VALUES (963, 13, 3, 6.6542, 41.4070, 40.4070, -9.4930);
INSERT INTO `calc_strategy_player` VALUES (964, 13, 4, 7.9510, 49.2817, 48.2817, 3.6817);
INSERT INTO `calc_strategy_player` VALUES (965, 13, 5, 7.8125, 48.4406, 47.4406, -4.8594);
INSERT INTO `calc_strategy_player` VALUES (966, 13, 6, 5.2784, 33.0526, 32.0526, -7.9474);
INSERT INTO `calc_strategy_player` VALUES (967, 13, 7, 4.1194, 26.0146, 25.0146, -15.1854);
INSERT INTO `calc_strategy_player` VALUES (968, 13, 8, 9.2964, 57.4515, 56.4515, 8.6515);
INSERT INTO `calc_strategy_player` VALUES (969, 13, 9, 7.3032, 45.3480, 44.3480, -0.9520);
INSERT INTO `calc_strategy_player` VALUES (970, 13, 10, 6.6790, 41.5576, 40.5576, 5.2576);
INSERT INTO `calc_strategy_player` VALUES (971, 13, 11, 5.4940, 34.3618, 33.3618, 5.9618);
INSERT INTO `calc_strategy_player` VALUES (972, 13, 12, 4.1462, 26.1774, 25.1774, -18.6226);
INSERT INTO `calc_strategy_player` VALUES (973, 13, 13, 7.2727, 45.1627, 44.1627, 12.9627);
INSERT INTO `calc_strategy_player` VALUES (974, 13, 14, 8.4347, 52.2189, 51.2189, 5.2189);
INSERT INTO `calc_strategy_player` VALUES (975, 13, 15, 6.8490, 42.5899, 41.5899, 8.2899);
INSERT INTO `calc_strategy_player` VALUES (976, 13, 16, 6.0044, 37.4611, 36.4611, 7.2611);
INSERT INTO `calc_strategy_player` VALUES (977, 13, 17, 4.7382, 29.7722, 28.7722, 7.5722);
INSERT INTO `calc_strategy_player` VALUES (978, 13, 18, 6.6130, 41.1568, 40.1568, 10.9568);
INSERT INTO `calc_strategy_player` VALUES (979, 13, 19, 3.9026, 24.6981, 23.6981, 12.0981);
INSERT INTO `calc_strategy_player` VALUES (980, 13, 20, 5.2649, 32.9706, 31.9706, 5.7706);
INSERT INTO `calc_strategy_player` VALUES (981, 13, 21, 3.2418, 20.6855, 19.6855, -1.1145);
INSERT INTO `calc_strategy_player` VALUES (982, 13, 22, 7.0165, 43.6070, 42.6070, 10.7070);
INSERT INTO `calc_strategy_player` VALUES (983, 13, 23, 3.5111, 22.3208, 21.3208, 7.5208);
INSERT INTO `calc_strategy_player` VALUES (984, 13, 24, 5.6670, 35.4123, 34.4123, 14.8123);
INSERT INTO `calc_strategy_player` VALUES (985, 13, 25, 4.2081, 26.5533, 25.5533, -9.7467);
INSERT INTO `calc_strategy_player` VALUES (986, 13, 26, 3.2125, 20.5076, 19.5076, -5.7924);
INSERT INTO `calc_strategy_player` VALUES (987, 13, 27, 4.7774, 30.0103, 29.0103, 5.3103);
INSERT INTO `calc_strategy_player` VALUES (988, 13, 28, 3.2768, 20.8980, 19.8980, -7.9020);
INSERT INTO `calc_strategy_player` VALUES (989, 13, 29, 4.5862, 28.8492, 27.8492, 9.1492);
INSERT INTO `calc_strategy_player` VALUES (990, 13, 30, 4.0875, 25.8209, 24.8209, 4.3209);
INSERT INTO `calc_strategy_player` VALUES (991, 13, 31, 6.0571, 37.7811, 36.7811, 10.1811);
INSERT INTO `calc_strategy_player` VALUES (992, 13, 32, 4.4121, 27.7920, 26.7920, 6.4920);
INSERT INTO `calc_strategy_player` VALUES (993, 13, 33, 7.3712, 45.7609, 44.7609, 20.7609);
INSERT INTO `calc_strategy_player` VALUES (994, 13, 34, 3.5171, 22.3572, 21.3572, 0.7572);
INSERT INTO `calc_strategy_player` VALUES (995, 13, 35, 6.5689, 40.8890, 39.8890, 15.8890);
INSERT INTO `calc_strategy_player` VALUES (996, 13, 36, 2.8717, 18.4381, 17.4381, 3.2381);
INSERT INTO `calc_strategy_player` VALUES (997, 13, 37, 5.7635, 35.9983, 34.9983, 22.6983);
INSERT INTO `calc_strategy_player` VALUES (998, 13, 38, 2.2815, 14.8542, 13.8542, -9.2458);
INSERT INTO `calc_strategy_player` VALUES (999, 13, 39, 3.3524, 21.3571, 20.3571, 0.0571);
INSERT INTO `calc_strategy_player` VALUES (1000, 13, 40, 5.1304, 32.1538, 31.1538, 9.1538);
INSERT INTO `calc_strategy_player` VALUES (1001, 13, 41, 4.7920, 30.0989, 29.0989, 11.8989);
INSERT INTO `calc_strategy_player` VALUES (1002, 13, 42, 5.2060, 32.6129, 31.6129, 13.3129);
INSERT INTO `calc_strategy_player` VALUES (1003, 13, 43, 6.9295, 43.0787, 42.0787, 29.5787);
INSERT INTO `calc_strategy_player` VALUES (1004, 13, 44, 4.9268, 30.9175, 29.9175, 11.7175);
INSERT INTO `calc_strategy_player` VALUES (1005, 13, 45, 3.3736, 21.4858, 20.4858, -0.9142);
INSERT INTO `calc_strategy_player` VALUES (1006, 13, 46, 3.0319, 19.4109, 18.4109, 4.7109);
INSERT INTO `calc_strategy_player` VALUES (1007, 13, 47, 6.4197, 39.9830, 38.9830, 28.5830);
INSERT INTO `calc_strategy_player` VALUES (1008, 13, 48, 4.2145, 26.5921, 25.5921, 6.4921);
INSERT INTO `calc_strategy_player` VALUES (1009, 13, 49, 7.1739, 44.5628, 43.5628, 26.6628);
INSERT INTO `calc_strategy_player` VALUES (1010, 13, 50, 6.2618, 39.0242, 38.0242, 14.6242);
INSERT INTO `calc_strategy_player` VALUES (1011, 13, 51, 4.9137, 30.8380, 29.8380, 7.0380);
INSERT INTO `calc_strategy_player` VALUES (1012, 13, 52, 1.0699, 7.4969, 6.4969, -1.3031);
INSERT INTO `calc_strategy_player` VALUES (1013, 13, 53, 0.8684, 6.2733, 5.2733, 0.5733);
INSERT INTO `calc_strategy_player` VALUES (1014, 13, 54, 2.8166, 18.1035, 17.1035, -8.6965);
INSERT INTO `calc_strategy_player` VALUES (1015, 13, 55, 7.2839, 45.2308, 44.2308, 26.9308);
INSERT INTO `calc_strategy_player` VALUES (1016, 13, 56, 2.4094, 15.6308, 14.6308, -7.7692);
INSERT INTO `calc_strategy_player` VALUES (1017, 13, 57, 3.2264, 20.5920, 19.5920, -14.7080);
INSERT INTO `calc_strategy_player` VALUES (1018, 13, 58, 3.0361, 19.4364, 18.4364, 2.6364);
INSERT INTO `calc_strategy_player` VALUES (1019, 13, 59, 1.1837, 8.1879, 7.1879, -1.4121);
INSERT INTO `calc_strategy_player` VALUES (1020, 13, 60, 1.2666, 8.6913, 7.6913, 4.5913);
INSERT INTO `calc_strategy_player` VALUES (1021, 13, 61, 1.6902, 11.2636, 10.2636, 0.8636);
INSERT INTO `calc_strategy_player` VALUES (1022, 13, 62, 0.7070, 5.2932, 4.2932, -8.6068);
INSERT INTO `calc_strategy_player` VALUES (1023, 13, 63, 1.8463, 12.2115, 11.2115, -1.0885);
INSERT INTO `calc_strategy_player` VALUES (1024, 13, 64, 3.9148, 24.7722, 23.7722, 9.3722);
INSERT INTO `calc_strategy_player` VALUES (1025, 13, 65, 2.7409, 17.6438, 16.6438, 0.5438);
INSERT INTO `calc_strategy_player` VALUES (1026, 13, 66, 6.8437, 42.5577, 41.5577, 35.5577);
INSERT INTO `calc_strategy_player` VALUES (1027, 13, 67, 4.1203, 26.0201, 25.0201, 15.1201);
INSERT INTO `calc_strategy_player` VALUES (1028, 13, 68, 3.1682, 20.2386, 19.2386, 15.5386);
INSERT INTO `calc_strategy_player` VALUES (1029, 13, 69, 1.9253, 12.6912, 11.6912, -3.6088);
INSERT INTO `calc_strategy_player` VALUES (1030, 13, 70, 7.1664, 44.5172, 43.5172, 18.1172);
INSERT INTO `calc_strategy_player` VALUES (1031, 13, 71, 1.8977, 12.5236, 11.5236, 8.5236);
INSERT INTO `calc_strategy_player` VALUES (1032, 13, 72, 6.4791, 40.3437, 39.3437, 25.0437);
INSERT INTO `calc_strategy_player` VALUES (1033, 13, 73, 4.8280, 30.3175, 29.3175, 15.4175);
INSERT INTO `calc_strategy_player` VALUES (1034, 13, 74, 3.9436, 24.9471, 23.9471, 17.7471);
INSERT INTO `calc_strategy_player` VALUES (1035, 13, 75, 4.1950, 26.4737, 25.4737, 19.8737);
INSERT INTO `calc_strategy_player` VALUES (1036, 13, 76, 1.4807, 9.9914, 8.9914, 7.0914);
INSERT INTO `calc_strategy_player` VALUES (1037, 13, 77, 3.4055, 21.6796, 20.6796, 17.2796);
INSERT INTO `calc_strategy_player` VALUES (1038, 13, 78, 0.0000, 1.0000, 0.0000, -1.4000);
INSERT INTO `calc_strategy_player` VALUES (1039, 13, 79, 1.5466, 10.3916, 9.3916, 7.2916);
INSERT INTO `calc_strategy_player` VALUES (1040, 13, 80, 1.3830, 9.3981, 8.3981, 7.1981);
INSERT INTO `calc_strategy_player` VALUES (1041, 14, 1, 10.1427, 56.6023, 53.0630, 3.3630);
INSERT INTO `calc_strategy_player` VALUES (1042, 14, 2, 9.7643, 54.5279, 50.9886, -3.1114);
INSERT INTO `calc_strategy_player` VALUES (1043, 14, 3, 8.6738, 48.5498, 45.0105, -4.8895);
INSERT INTO `calc_strategy_player` VALUES (1044, 14, 4, 8.2550, 46.2539, 42.7146, -1.8854);
INSERT INTO `calc_strategy_player` VALUES (1045, 14, 5, 8.0740, 45.2617, 41.7224, -10.5776);
INSERT INTO `calc_strategy_player` VALUES (1046, 14, 6, 7.9978, 44.8439, 41.3046, 1.3046);
INSERT INTO `calc_strategy_player` VALUES (1047, 14, 7, 3.9300, 22.5443, 19.0050, -21.1950);
INSERT INTO `calc_strategy_player` VALUES (1048, 14, 8, 7.5668, 42.4812, 38.9419, -8.8581);
INSERT INTO `calc_strategy_player` VALUES (1049, 14, 9, 6.0710, 34.2812, 30.7419, -14.5581);
INSERT INTO `calc_strategy_player` VALUES (1050, 14, 10, 8.8887, 49.7279, 46.1886, 10.8886);
INSERT INTO `calc_strategy_player` VALUES (1051, 14, 11, 7.3690, 41.3969, 37.8576, 10.4576);
INSERT INTO `calc_strategy_player` VALUES (1052, 14, 12, 5.0201, 28.5202, 24.9809, -18.8191);
INSERT INTO `calc_strategy_player` VALUES (1053, 14, 13, 10.1727, 56.7667, 53.2274, 22.0274);
INSERT INTO `calc_strategy_player` VALUES (1054, 14, 14, 8.2898, 46.4447, 42.9054, -3.0946);
INSERT INTO `calc_strategy_player` VALUES (1055, 14, 15, 6.1756, 34.8546, 31.3153, -1.9847);
INSERT INTO `calc_strategy_player` VALUES (1056, 14, 16, 7.5142, 42.1928, 38.6535, 9.4535);
INSERT INTO `calc_strategy_player` VALUES (1057, 14, 17, 6.2385, 35.1995, 31.6602, 10.4602);
INSERT INTO `calc_strategy_player` VALUES (1058, 14, 18, 7.4186, 41.6688, 38.1295, 8.9295);
INSERT INTO `calc_strategy_player` VALUES (1059, 14, 19, 6.3471, 35.7948, 32.2555, 20.6555);
INSERT INTO `calc_strategy_player` VALUES (1060, 14, 20, 4.4021, 25.1323, 21.5930, -4.6070);
INSERT INTO `calc_strategy_player` VALUES (1061, 14, 21, 1.4706, 9.0618, 5.5225, -15.2775);
INSERT INTO `calc_strategy_player` VALUES (1062, 14, 22, 6.6054, 37.2108, 33.6715, 1.7715);
INSERT INTO `calc_strategy_player` VALUES (1063, 14, 23, 5.9029, 33.3597, 29.8204, 16.0204);
INSERT INTO `calc_strategy_player` VALUES (1064, 14, 24, 5.1507, 29.2361, 25.6968, 6.0968);
INSERT INTO `calc_strategy_player` VALUES (1065, 14, 25, 5.7106, 32.3055, 28.7662, -6.5338);
INSERT INTO `calc_strategy_player` VALUES (1066, 14, 26, 1.7311, 10.4899, 6.9506, -18.3494);
INSERT INTO `calc_strategy_player` VALUES (1067, 14, 27, 7.1385, 40.1333, 36.5940, 12.8940);
INSERT INTO `calc_strategy_player` VALUES (1068, 14, 28, 3.6731, 21.1359, 17.5966, -10.2034);
INSERT INTO `calc_strategy_player` VALUES (1069, 14, 29, 6.6450, 37.4279, 33.8886, 15.1886);
INSERT INTO `calc_strategy_player` VALUES (1070, 14, 30, 5.2654, 29.8649, 26.3256, 5.8256);
INSERT INTO `calc_strategy_player` VALUES (1071, 14, 31, 5.7179, 32.3455, 28.8062, 2.2062);
INSERT INTO `calc_strategy_player` VALUES (1072, 14, 32, 7.1677, 40.2933, 36.7540, 16.4540);
INSERT INTO `calc_strategy_player` VALUES (1073, 14, 33, 4.9558, 28.1677, 24.6284, 0.6284);
INSERT INTO `calc_strategy_player` VALUES (1074, 14, 34, 3.7291, 21.4429, 17.9036, -2.6964);
INSERT INTO `calc_strategy_player` VALUES (1075, 14, 35, 6.4458, 36.3359, 32.7966, 8.7966);
INSERT INTO `calc_strategy_player` VALUES (1076, 14, 36, 6.0384, 34.1025, 30.5632, 16.3632);
INSERT INTO `calc_strategy_player` VALUES (1077, 14, 37, 6.2769, 35.4100, 31.8707, 19.5707);
INSERT INTO `calc_strategy_player` VALUES (1078, 14, 38, 3.3208, 19.2046, 15.6653, -7.4347);
INSERT INTO `calc_strategy_player` VALUES (1079, 14, 39, 3.8296, 21.9939, 18.4546, -1.8454);
INSERT INTO `calc_strategy_player` VALUES (1080, 14, 40, 4.8476, 27.5745, 24.0352, 2.0352);
INSERT INTO `calc_strategy_player` VALUES (1081, 14, 41, 6.2587, 35.3102, 31.7709, 14.5709);
INSERT INTO `calc_strategy_player` VALUES (1082, 14, 42, 6.0900, 34.3854, 30.8461, 12.5461);
INSERT INTO `calc_strategy_player` VALUES (1083, 14, 43, 6.9380, 39.0341, 35.4948, 22.9948);
INSERT INTO `calc_strategy_player` VALUES (1084, 14, 44, 4.4936, 25.6339, 22.0946, 3.8946);
INSERT INTO `calc_strategy_player` VALUES (1085, 14, 45, 4.3408, 24.7963, 21.2570, -0.1430);
INSERT INTO `calc_strategy_player` VALUES (1086, 14, 46, 2.9862, 17.3703, 13.8310, 0.1310);
INSERT INTO `calc_strategy_player` VALUES (1087, 14, 47, 6.5931, 37.1434, 33.6041, 23.2041);
INSERT INTO `calc_strategy_player` VALUES (1088, 14, 48, 4.2587, 24.3462, 20.8069, 1.7069);
INSERT INTO `calc_strategy_player` VALUES (1089, 14, 49, 6.7406, 37.9520, 34.4127, 17.5127);
INSERT INTO `calc_strategy_player` VALUES (1090, 14, 50, 4.3404, 24.7941, 21.2548, -2.1452);
INSERT INTO `calc_strategy_player` VALUES (1091, 14, 51, 7.4915, 42.0684, 38.5291, 15.7291);
INSERT INTO `calc_strategy_player` VALUES (1092, 14, 52, 1.7758, 10.7349, 7.1956, -0.6044);
INSERT INTO `calc_strategy_player` VALUES (1093, 14, 53, 0.4632, 3.5393, 0.0000, -4.7000);
INSERT INTO `calc_strategy_player` VALUES (1094, 14, 54, 1.7919, 10.8232, 7.2839, -18.5161);
INSERT INTO `calc_strategy_player` VALUES (1095, 14, 55, 6.6729, 37.5808, 34.0415, 16.7415);
INSERT INTO `calc_strategy_player` VALUES (1096, 14, 56, 0.6630, 4.6346, 1.0953, -21.3047);
INSERT INTO `calc_strategy_player` VALUES (1097, 14, 57, 2.0869, 12.4404, 8.9011, -25.3989);
INSERT INTO `calc_strategy_player` VALUES (1098, 14, 58, 2.9208, 17.0118, 13.4725, -2.3275);
INSERT INTO `calc_strategy_player` VALUES (1099, 14, 59, 1.5602, 9.5530, 6.0137, -2.5863);
INSERT INTO `calc_strategy_player` VALUES (1100, 14, 60, 3.4222, 19.7605, 16.2212, 13.1212);
INSERT INTO `calc_strategy_player` VALUES (1101, 14, 61, 1.6802, 10.2109, 6.6716, -2.7284);
INSERT INTO `calc_strategy_player` VALUES (1102, 14, 62, 3.3333, 19.2732, 15.7339, 2.8339);
INSERT INTO `calc_strategy_player` VALUES (1103, 14, 63, 0.8725, 5.7830, 2.2437, -10.0563);
INSERT INTO `calc_strategy_player` VALUES (1104, 14, 64, 3.6471, 20.9934, 17.4541, 3.0541);
INSERT INTO `calc_strategy_player` VALUES (1105, 14, 65, 4.2637, 24.3736, 20.8343, 4.7343);
INSERT INTO `calc_strategy_player` VALUES (1106, 14, 66, 5.7882, 32.7309, 29.1916, 23.1916);
INSERT INTO `calc_strategy_player` VALUES (1107, 14, 67, 5.4648, 30.9580, 27.4187, 17.5187);
INSERT INTO `calc_strategy_player` VALUES (1108, 14, 68, 2.6153, 15.3371, 11.7978, 8.0978);
INSERT INTO `calc_strategy_player` VALUES (1109, 14, 69, 1.7243, 10.4526, 6.9133, -8.3867);
INSERT INTO `calc_strategy_player` VALUES (1110, 14, 70, 9.4400, 52.7501, 49.2108, 23.8108);
INSERT INTO `calc_strategy_player` VALUES (1111, 14, 71, 4.3952, 25.0945, 21.5552, 18.5552);
INSERT INTO `calc_strategy_player` VALUES (1112, 14, 72, 5.5451, 31.3982, 27.8589, 13.5589);
INSERT INTO `calc_strategy_player` VALUES (1113, 14, 73, 5.9789, 33.7763, 30.2370, 16.3370);
INSERT INTO `calc_strategy_player` VALUES (1114, 14, 74, 3.7643, 21.6359, 18.0966, 11.8966);
INSERT INTO `calc_strategy_player` VALUES (1115, 14, 75, 3.1100, 18.0490, 14.5097, 8.9097);
INSERT INTO `calc_strategy_player` VALUES (1116, 14, 76, 3.3769, 19.5122, 15.9729, 14.0729);
INSERT INTO `calc_strategy_player` VALUES (1117, 14, 77, 2.2640, 13.4112, 9.8719, 6.4719);
INSERT INTO `calc_strategy_player` VALUES (1118, 14, 78, 2.8302, 16.5152, 12.9759, 11.5759);
INSERT INTO `calc_strategy_player` VALUES (1119, 14, 79, 1.9334, 11.5989, 8.0596, 5.9596);
INSERT INTO `calc_strategy_player` VALUES (1120, 14, 80, 1.1094, 7.0817, 3.5424, 2.3424);
INSERT INTO `calc_strategy_player` VALUES (1121, 15, 1, 8.1159, 51.0361, 46.1483, -3.5517);
INSERT INTO `calc_strategy_player` VALUES (1122, 15, 2, 8.7554, 54.9788, 50.0910, -4.0090);
INSERT INTO `calc_strategy_player` VALUES (1123, 15, 3, 7.1553, 45.1139, 40.2261, -9.6739);
INSERT INTO `calc_strategy_player` VALUES (1124, 15, 4, 7.2164, 45.4905, 40.6027, -3.9973);
INSERT INTO `calc_strategy_player` VALUES (1125, 15, 5, 8.7350, 54.8530, 49.9652, -2.3348);
INSERT INTO `calc_strategy_player` VALUES (1126, 15, 6, 5.8269, 36.9240, 32.0362, -7.9638);
INSERT INTO `calc_strategy_player` VALUES (1127, 15, 7, 5.9343, 37.5861, 32.6983, -7.5017);
INSERT INTO `calc_strategy_player` VALUES (1128, 15, 8, 8.2962, 52.1477, 47.2599, -0.5401);
INSERT INTO `calc_strategy_player` VALUES (1129, 15, 9, 8.0896, 50.8740, 45.9862, 0.6862);
INSERT INTO `calc_strategy_player` VALUES (1130, 15, 10, 6.7198, 42.4289, 37.5411, 2.2411);
INSERT INTO `calc_strategy_player` VALUES (1131, 15, 11, 4.7554, 30.3180, 25.4302, -1.9698);
INSERT INTO `calc_strategy_player` VALUES (1132, 15, 12, 4.7126, 30.0541, 25.1663, -18.6337);
INSERT INTO `calc_strategy_player` VALUES (1133, 15, 13, 6.5413, 41.3284, 36.4406, 5.2406);
INSERT INTO `calc_strategy_player` VALUES (1134, 15, 14, 8.0329, 50.5244, 45.6366, -0.3634);
INSERT INTO `calc_strategy_player` VALUES (1135, 15, 15, 6.0841, 38.5097, 33.6219, 0.3219);
INSERT INTO `calc_strategy_player` VALUES (1136, 15, 16, 5.5760, 35.3772, 30.4894, 1.2894);
INSERT INTO `calc_strategy_player` VALUES (1137, 15, 17, 4.2420, 27.1528, 22.2650, 1.0650);
INSERT INTO `calc_strategy_player` VALUES (1138, 15, 18, 6.1683, 39.0288, 34.1410, 4.9410);
INSERT INTO `calc_strategy_player` VALUES (1139, 15, 19, 5.3929, 34.2483, 29.3605, 17.7605);
INSERT INTO `calc_strategy_player` VALUES (1140, 15, 20, 3.5969, 23.1756, 18.2878, -7.9122);
INSERT INTO `calc_strategy_player` VALUES (1141, 15, 21, 4.7124, 30.0529, 25.1651, 4.3651);
INSERT INTO `calc_strategy_player` VALUES (1142, 15, 22, 5.4062, 34.3303, 29.4425, -2.4575);
INSERT INTO `calc_strategy_player` VALUES (1143, 15, 23, 4.6464, 29.6460, 24.7582, 10.9582);
INSERT INTO `calc_strategy_player` VALUES (1144, 15, 24, 3.5835, 23.0930, 18.2052, -1.3948);
INSERT INTO `calc_strategy_player` VALUES (1145, 15, 25, 5.2917, 33.6244, 28.7366, -6.5634);
INSERT INTO `calc_strategy_player` VALUES (1146, 15, 26, 3.9417, 25.3014, 20.4136, -4.8864);
INSERT INTO `calc_strategy_player` VALUES (1147, 15, 27, 4.7536, 30.3069, 25.4191, 1.7191);
INSERT INTO `calc_strategy_player` VALUES (1148, 15, 28, 6.1435, 38.8759, 33.9881, 6.1881);
INSERT INTO `calc_strategy_player` VALUES (1149, 15, 29, 4.7582, 30.3353, 25.4475, 6.7475);
INSERT INTO `calc_strategy_player` VALUES (1150, 15, 30, 4.2348, 27.1084, 22.2206, 1.7206);
INSERT INTO `calc_strategy_player` VALUES (1151, 15, 31, 4.6595, 29.7267, 24.8389, -1.7611);
INSERT INTO `calc_strategy_player` VALUES (1152, 15, 32, 4.7150, 30.0689, 25.1811, 4.8811);
INSERT INTO `calc_strategy_player` VALUES (1153, 15, 33, 6.0368, 38.2181, 33.3303, 9.3303);
INSERT INTO `calc_strategy_player` VALUES (1154, 15, 34, 2.4168, 15.9001, 11.0123, -9.5877);
INSERT INTO `calc_strategy_player` VALUES (1155, 15, 35, 5.0056, 31.8605, 26.9727, 2.9727);
INSERT INTO `calc_strategy_player` VALUES (1156, 15, 36, 5.2684, 33.4807, 28.5929, 14.3929);
INSERT INTO `calc_strategy_player` VALUES (1157, 15, 37, 4.4369, 28.3544, 23.4666, 11.1666);
INSERT INTO `calc_strategy_player` VALUES (1158, 15, 38, 2.9607, 19.2533, 14.3655, -8.7345);
INSERT INTO `calc_strategy_player` VALUES (1159, 15, 39, 1.7383, 11.7170, 6.8292, -13.4708);
INSERT INTO `calc_strategy_player` VALUES (1160, 15, 40, 2.6753, 17.4938, 12.6060, -9.3940);
INSERT INTO `calc_strategy_player` VALUES (1161, 15, 41, 3.6171, 23.3001, 18.4123, 1.2123);
INSERT INTO `calc_strategy_player` VALUES (1162, 15, 42, 3.8258, 24.5868, 19.6990, 1.3990);
INSERT INTO `calc_strategy_player` VALUES (1163, 15, 43, 4.2211, 27.0239, 22.1361, 9.6361);
INSERT INTO `calc_strategy_player` VALUES (1164, 15, 44, 6.1751, 39.0707, 34.1829, 15.9829);
INSERT INTO `calc_strategy_player` VALUES (1165, 15, 45, 2.9401, 19.1263, 14.2385, -7.1615);
INSERT INTO `calc_strategy_player` VALUES (1166, 15, 46, 2.2512, 14.8791, 9.9913, -3.7087);
INSERT INTO `calc_strategy_player` VALUES (1167, 15, 47, 3.5430, 22.8433, 17.9555, 7.5555);
INSERT INTO `calc_strategy_player` VALUES (1168, 15, 48, 4.3343, 27.7218, 22.8340, 3.7340);
INSERT INTO `calc_strategy_player` VALUES (1169, 15, 49, 4.1238, 26.4241, 21.5363, 4.6363);
INSERT INTO `calc_strategy_player` VALUES (1170, 15, 50, 4.3406, 27.7607, 22.8729, -0.5271);
INSERT INTO `calc_strategy_player` VALUES (1171, 15, 51, 4.9571, 31.5615, 26.6737, 3.8737);
INSERT INTO `calc_strategy_player` VALUES (1172, 15, 52, 0.7059, 5.3520, 0.4642, -7.3358);
INSERT INTO `calc_strategy_player` VALUES (1173, 15, 53, 0.6306, 4.8878, 0.0000, -4.7000);
INSERT INTO `calc_strategy_player` VALUES (1174, 15, 54, 4.6085, 29.4123, 24.5245, -1.2755);
INSERT INTO `calc_strategy_player` VALUES (1175, 15, 55, 7.5368, 47.4659, 42.5781, 25.2781);
INSERT INTO `calc_strategy_player` VALUES (1176, 15, 56, 3.0724, 19.9420, 15.0542, -7.3458);
INSERT INTO `calc_strategy_player` VALUES (1177, 15, 57, 4.8895, 31.1447, 26.2569, -8.0431);
INSERT INTO `calc_strategy_player` VALUES (1178, 15, 58, 3.2227, 20.8686, 15.9808, 0.1808);
INSERT INTO `calc_strategy_player` VALUES (1179, 15, 59, 2.0235, 13.4753, 8.5875, -0.0125);
INSERT INTO `calc_strategy_player` VALUES (1180, 15, 60, 4.6888, 29.9074, 25.0196, 21.9196);
INSERT INTO `calc_strategy_player` VALUES (1181, 15, 61, 1.8249, 12.2509, 7.3631, -2.0369);
INSERT INTO `calc_strategy_player` VALUES (1182, 15, 62, 4.0403, 25.9093, 21.0215, 8.1215);
INSERT INTO `calc_strategy_player` VALUES (1183, 15, 63, 2.4934, 16.3723, 11.4845, -0.8155);
INSERT INTO `calc_strategy_player` VALUES (1184, 15, 64, 2.4740, 16.2527, 11.3649, -3.0351);
INSERT INTO `calc_strategy_player` VALUES (1185, 15, 65, 3.0735, 19.9487, 15.0609, -1.0391);
INSERT INTO `calc_strategy_player` VALUES (1186, 15, 66, 4.5545, 29.0794, 24.1916, 18.1916);
INSERT INTO `calc_strategy_player` VALUES (1187, 15, 67, 4.2860, 27.4240, 22.5362, 12.6362);
INSERT INTO `calc_strategy_player` VALUES (1188, 15, 68, 2.7011, 17.6528, 12.7650, 9.0650);
INSERT INTO `calc_strategy_player` VALUES (1189, 15, 69, 1.0776, 7.6436, 2.7558, -12.5442);
INSERT INTO `calc_strategy_player` VALUES (1190, 15, 70, 6.5472, 41.3648, 36.4770, 11.0770);
INSERT INTO `calc_strategy_player` VALUES (1191, 15, 71, 3.6247, 23.3470, 18.4592, 15.4592);
INSERT INTO `calc_strategy_player` VALUES (1192, 15, 72, 6.5756, 41.5399, 36.6521, 22.3521);
INSERT INTO `calc_strategy_player` VALUES (1193, 15, 73, 4.4811, 28.6269, 23.7391, 9.8391);
INSERT INTO `calc_strategy_player` VALUES (1194, 15, 74, 2.4547, 16.1337, 11.2459, 5.0459);
INSERT INTO `calc_strategy_player` VALUES (1195, 15, 75, 3.2906, 21.2872, 16.3994, 10.7994);
INSERT INTO `calc_strategy_player` VALUES (1196, 15, 76, 3.1887, 20.6590, 15.7712, 13.8712);
INSERT INTO `calc_strategy_player` VALUES (1197, 15, 77, 4.5284, 28.9185, 24.0307, 20.6307);
INSERT INTO `calc_strategy_player` VALUES (1198, 15, 78, 2.8302, 18.4487, 13.5609, 12.1609);
INSERT INTO `calc_strategy_player` VALUES (1199, 15, 79, 1.6793, 11.3532, 6.4654, 4.3654);
INSERT INTO `calc_strategy_player` VALUES (1200, 15, 80, 1.3170, 9.1196, 4.2318, 3.0318);
INSERT INTO `calc_strategy_player` VALUES (1201, 16, 1, 8.6733, 56.2663, 53.1024, 3.4024);
INSERT INTO `calc_strategy_player` VALUES (1202, 16, 2, 8.4436, 54.8026, 51.6387, -2.4613);
INSERT INTO `calc_strategy_player` VALUES (1203, 16, 3, 7.1852, 46.7841, 43.6202, -6.2798);
INSERT INTO `calc_strategy_player` VALUES (1204, 16, 4, 6.5632, 42.8207, 39.6568, -4.9432);
INSERT INTO `calc_strategy_player` VALUES (1205, 16, 5, 8.7004, 56.4389, 53.2750, 0.9750);
INSERT INTO `calc_strategy_player` VALUES (1206, 16, 6, 5.7945, 37.9226, 34.7587, -5.2413);
INSERT INTO `calc_strategy_player` VALUES (1207, 16, 7, 6.3158, 41.2443, 38.0804, -2.1196);
INSERT INTO `calc_strategy_player` VALUES (1208, 16, 8, 8.1466, 52.9101, 49.7462, 1.9462);
INSERT INTO `calc_strategy_player` VALUES (1209, 16, 9, 5.5839, 36.5806, 33.4167, -11.8833);
INSERT INTO `calc_strategy_player` VALUES (1210, 16, 10, 6.4996, 42.4155, 39.2516, 3.9516);
INSERT INTO `calc_strategy_player` VALUES (1211, 16, 11, 4.4886, 29.6014, 26.4375, -0.9625);
INSERT INTO `calc_strategy_player` VALUES (1212, 16, 12, 4.4973, 29.6568, 26.4929, -17.3071);
INSERT INTO `calc_strategy_player` VALUES (1213, 16, 13, 7.1647, 46.6535, 43.4896, 12.2896);
INSERT INTO `calc_strategy_player` VALUES (1214, 16, 14, 8.3467, 54.1852, 51.0213, 5.0213);
INSERT INTO `calc_strategy_player` VALUES (1215, 16, 15, 6.2449, 40.7925, 37.6286, 4.3286);
INSERT INTO `calc_strategy_player` VALUES (1216, 16, 16, 5.9185, 38.7127, 35.5488, 6.3488);
INSERT INTO `calc_strategy_player` VALUES (1217, 16, 17, 4.2999, 28.3990, 25.2351, 4.0351);
INSERT INTO `calc_strategy_player` VALUES (1218, 16, 18, 6.7224, 43.8351, 40.6712, 11.4712);
INSERT INTO `calc_strategy_player` VALUES (1219, 16, 19, 5.9319, 38.7981, 35.6342, 24.0342);
INSERT INTO `calc_strategy_player` VALUES (1220, 16, 20, 3.5895, 23.8723, 20.7084, -5.4916);
INSERT INTO `calc_strategy_player` VALUES (1221, 16, 21, 4.7124, 31.0274, 27.8635, 7.0635);
INSERT INTO `calc_strategy_player` VALUES (1222, 16, 22, 5.6631, 37.0853, 33.9214, 2.0214);
INSERT INTO `calc_strategy_player` VALUES (1223, 16, 23, 4.6233, 30.4597, 27.2958, 13.4958);
INSERT INTO `calc_strategy_player` VALUES (1224, 16, 24, 3.4821, 23.1879, 20.0240, 0.4240);
INSERT INTO `calc_strategy_player` VALUES (1225, 16, 25, 5.5388, 36.2932, 33.1293, -2.1707);
INSERT INTO `calc_strategy_player` VALUES (1226, 16, 26, 2.9398, 19.7324, 16.5685, -8.7315);
INSERT INTO `calc_strategy_player` VALUES (1227, 16, 27, 4.7460, 31.2415, 28.0776, 4.3776);
INSERT INTO `calc_strategy_player` VALUES (1228, 16, 28, 5.3371, 35.0080, 31.8441, 4.0441);
INSERT INTO `calc_strategy_player` VALUES (1229, 16, 29, 4.7691, 31.3887, 28.2248, 9.5248);
INSERT INTO `calc_strategy_player` VALUES (1230, 16, 30, 3.1835, 21.2853, 18.1214, -2.3786);
INSERT INTO `calc_strategy_player` VALUES (1231, 16, 31, 3.6442, 24.2208, 21.0569, -5.5431);
INSERT INTO `calc_strategy_player` VALUES (1232, 16, 32, 5.2083, 34.1873, 31.0234, 10.7234);
INSERT INTO `calc_strategy_player` VALUES (1233, 16, 33, 5.1499, 33.8152, 30.6513, 6.6513);
INSERT INTO `calc_strategy_player` VALUES (1234, 16, 34, 1.8258, 12.6340, 9.4701, -11.1299);
INSERT INTO `calc_strategy_player` VALUES (1235, 16, 35, 5.3329, 34.9812, 31.8173, 7.8173);
INSERT INTO `calc_strategy_player` VALUES (1236, 16, 36, 4.5700, 30.1200, 26.9561, 12.7561);
INSERT INTO `calc_strategy_player` VALUES (1237, 16, 37, 4.6283, 30.4915, 27.3276, 15.0276);
INSERT INTO `calc_strategy_player` VALUES (1238, 16, 38, 4.2815, 28.2817, 25.1178, 2.0178);
INSERT INTO `calc_strategy_player` VALUES (1239, 16, 39, 3.7841, 25.1123, 21.9484, 1.6484);
INSERT INTO `calc_strategy_player` VALUES (1240, 16, 40, 2.7379, 18.4459, 15.2820, -6.7180);
INSERT INTO `calc_strategy_player` VALUES (1241, 16, 41, 4.1083, 27.1781, 24.0142, 6.8142);
INSERT INTO `calc_strategy_player` VALUES (1242, 16, 42, 3.1482, 21.0603, 17.8964, -0.4036);
INSERT INTO `calc_strategy_player` VALUES (1243, 16, 43, 3.5285, 23.4836, 20.3197, 7.8197);
INSERT INTO `calc_strategy_player` VALUES (1244, 16, 44, 6.1182, 39.9852, 36.8213, 18.6213);
INSERT INTO `calc_strategy_player` VALUES (1245, 16, 45, 3.2163, 21.4943, 18.3304, -3.0696);
INSERT INTO `calc_strategy_player` VALUES (1246, 16, 46, 3.1205, 20.8838, 17.7199, 4.0199);
INSERT INTO `calc_strategy_player` VALUES (1247, 16, 47, 3.2235, 21.5401, 18.3762, 7.9762);
INSERT INTO `calc_strategy_player` VALUES (1248, 16, 48, 3.5860, 23.8500, 20.6861, 1.5861);
INSERT INTO `calc_strategy_player` VALUES (1249, 16, 49, 3.4834, 23.1962, 20.0323, 3.1323);
INSERT INTO `calc_strategy_player` VALUES (1250, 16, 50, 3.8426, 25.4850, 22.3211, -1.0789);
INSERT INTO `calc_strategy_player` VALUES (1251, 16, 51, 5.1122, 33.5749, 30.4110, 7.6110);
INSERT INTO `calc_strategy_player` VALUES (1252, 16, 52, 1.7758, 12.3154, 9.1515, 1.3515);
INSERT INTO `calc_strategy_player` VALUES (1253, 16, 53, 0.6430, 5.0972, 1.9333, -2.7667);
INSERT INTO `calc_strategy_player` VALUES (1254, 16, 54, 4.6085, 30.3654, 27.2015, 1.4015);
INSERT INTO `calc_strategy_player` VALUES (1255, 16, 55, 6.7580, 44.0620, 40.8981, 23.5981);
INSERT INTO `calc_strategy_player` VALUES (1256, 16, 56, 3.0724, 20.5773, 17.4134, -4.9866);
INSERT INTO `calc_strategy_player` VALUES (1257, 16, 57, 5.1014, 33.5061, 30.3422, -3.9578);
INSERT INTO `calc_strategy_player` VALUES (1258, 16, 58, 2.1829, 14.9094, 11.7455, -4.0545);
INSERT INTO `calc_strategy_player` VALUES (1259, 16, 59, 2.3837, 16.1889, 13.0250, 4.4250);
INSERT INTO `calc_strategy_player` VALUES (1260, 16, 60, 4.6888, 30.8770, 27.7131, 24.6131);
INSERT INTO `calc_strategy_player` VALUES (1261, 16, 61, 1.5421, 10.8263, 7.6624, -1.7376);
INSERT INTO `calc_strategy_player` VALUES (1262, 16, 62, 4.0403, 26.7448, 23.5809, 10.6809);
INSERT INTO `calc_strategy_player` VALUES (1263, 16, 63, 2.2680, 15.4517, 12.2878, -0.0122);
INSERT INTO `calc_strategy_player` VALUES (1264, 16, 64, 1.7085, 11.8866, 8.7227, -5.6773);
INSERT INTO `calc_strategy_player` VALUES (1265, 16, 65, 3.5614, 23.6932, 20.5293, 4.4293);
INSERT INTO `calc_strategy_player` VALUES (1266, 16, 66, 3.3447, 22.3124, 19.1485, 13.1485);
INSERT INTO `calc_strategy_player` VALUES (1267, 16, 67, 3.1566, 21.1139, 17.9500, 8.0500);
INSERT INTO `calc_strategy_player` VALUES (1268, 16, 68, 1.4199, 10.0476, 6.8837, 3.1837);
INSERT INTO `calc_strategy_player` VALUES (1269, 16, 69, 1.0487, 7.6823, 4.5184, -10.7816);
INSERT INTO `calc_strategy_player` VALUES (1270, 16, 70, 5.9872, 39.1504, 35.9865, 10.5865);
INSERT INTO `calc_strategy_player` VALUES (1271, 16, 71, 3.6922, 24.5267, 21.3628, 18.3628);
INSERT INTO `calc_strategy_player` VALUES (1272, 16, 72, 7.0640, 46.0118, 42.8479, 28.5479);
INSERT INTO `calc_strategy_player` VALUES (1273, 16, 73, 4.2903, 28.3378, 25.1739, 11.2739);
INSERT INTO `calc_strategy_player` VALUES (1274, 16, 74, 1.9511, 13.4324, 10.2685, 4.0685);
INSERT INTO `calc_strategy_player` VALUES (1275, 16, 75, 2.8384, 19.0863, 15.9224, 10.3224);
INSERT INTO `calc_strategy_player` VALUES (1276, 16, 76, 2.9052, 19.5119, 16.3480, 14.4480);
INSERT INTO `calc_strategy_player` VALUES (1277, 16, 77, 3.9810, 26.3669, 23.2030, 19.8030);
INSERT INTO `calc_strategy_player` VALUES (1278, 16, 78, 2.8302, 19.0340, 15.8701, 14.4701);
INSERT INTO `calc_strategy_player` VALUES (1279, 16, 79, 1.4617, 10.3140, 7.1501, 5.0501);
INSERT INTO `calc_strategy_player` VALUES (1280, 16, 80, 0.3396, 3.1639, 0.0000, -1.2000);
COMMIT;

-- ----------------------------
-- Table structure for forecast_draft
-- ----------------------------
DROP TABLE IF EXISTS `forecast_draft`;
CREATE TABLE `forecast_draft` (
  `id` int(11) NOT NULL AUTO_INCREMENT,
  `player_id` int(11) DEFAULT NULL,
  `auction_value` decimal(10,1) DEFAULT NULL,
  PRIMARY KEY (`id`)
) ENGINE=InnoDB AUTO_INCREMENT=128 DEFAULT CHARSET=utf8mb4 COLLATE=utf8mb4_unicode_ci;

-- ----------------------------
-- Records of forecast_draft
-- ----------------------------
BEGIN;
INSERT INTO `forecast_draft` VALUES (1, 1, 49.7);
INSERT INTO `forecast_draft` VALUES (2, 2, 54.1);
INSERT INTO `forecast_draft` VALUES (3, 3, 49.9);
INSERT INTO `forecast_draft` VALUES (4, 4, 44.6);
INSERT INTO `forecast_draft` VALUES (5, 5, 52.3);
INSERT INTO `forecast_draft` VALUES (6, 6, 40.0);
INSERT INTO `forecast_draft` VALUES (7, 7, 40.2);
INSERT INTO `forecast_draft` VALUES (8, 8, 47.8);
INSERT INTO `forecast_draft` VALUES (9, 9, 45.3);
INSERT INTO `forecast_draft` VALUES (10, 10, 35.3);
INSERT INTO `forecast_draft` VALUES (11, 11, 27.4);
INSERT INTO `forecast_draft` VALUES (12, 12, 43.8);
INSERT INTO `forecast_draft` VALUES (13, 13, 31.2);
INSERT INTO `forecast_draft` VALUES (14, 14, 46.0);
INSERT INTO `forecast_draft` VALUES (15, 15, 33.3);
INSERT INTO `forecast_draft` VALUES (16, 16, 29.2);
INSERT INTO `forecast_draft` VALUES (17, 17, 21.2);
INSERT INTO `forecast_draft` VALUES (18, 18, 29.2);
INSERT INTO `forecast_draft` VALUES (19, 19, 11.6);
INSERT INTO `forecast_draft` VALUES (20, 20, 26.2);
INSERT INTO `forecast_draft` VALUES (21, 21, 20.8);
INSERT INTO `forecast_draft` VALUES (22, 22, 31.9);
INSERT INTO `forecast_draft` VALUES (23, 23, 13.8);
INSERT INTO `forecast_draft` VALUES (24, 24, 19.6);
INSERT INTO `forecast_draft` VALUES (25, 25, 35.3);
INSERT INTO `forecast_draft` VALUES (26, 26, 25.3);
INSERT INTO `forecast_draft` VALUES (27, 27, 23.7);
INSERT INTO `forecast_draft` VALUES (28, 28, 27.8);
INSERT INTO `forecast_draft` VALUES (29, 29, 18.7);
INSERT INTO `forecast_draft` VALUES (30, 30, 20.5);
INSERT INTO `forecast_draft` VALUES (31, 31, 26.6);
INSERT INTO `forecast_draft` VALUES (32, 32, 20.3);
INSERT INTO `forecast_draft` VALUES (33, 33, 24.0);
INSERT INTO `forecast_draft` VALUES (34, 34, 20.6);
INSERT INTO `forecast_draft` VALUES (35, 35, 24.0);
INSERT INTO `forecast_draft` VALUES (36, 36, 14.2);
INSERT INTO `forecast_draft` VALUES (37, 37, 12.3);
INSERT INTO `forecast_draft` VALUES (38, 38, 23.1);
INSERT INTO `forecast_draft` VALUES (39, 39, 20.3);
INSERT INTO `forecast_draft` VALUES (40, 40, 22.0);
INSERT INTO `forecast_draft` VALUES (41, 41, 17.2);
INSERT INTO `forecast_draft` VALUES (42, 42, 18.3);
INSERT INTO `forecast_draft` VALUES (43, 43, 12.5);
INSERT INTO `forecast_draft` VALUES (44, 44, 18.2);
INSERT INTO `forecast_draft` VALUES (45, 45, 21.4);
INSERT INTO `forecast_draft` VALUES (46, 46, 13.7);
INSERT INTO `forecast_draft` VALUES (47, 47, 10.4);
INSERT INTO `forecast_draft` VALUES (48, 48, 19.1);
INSERT INTO `forecast_draft` VALUES (49, 49, 16.9);
INSERT INTO `forecast_draft` VALUES (50, 50, 23.4);
INSERT INTO `forecast_draft` VALUES (51, 51, 22.8);
INSERT INTO `forecast_draft` VALUES (52, 52, 7.8);
INSERT INTO `forecast_draft` VALUES (53, 53, 4.7);
INSERT INTO `forecast_draft` VALUES (54, 54, 25.8);
INSERT INTO `forecast_draft` VALUES (55, 55, 17.3);
INSERT INTO `forecast_draft` VALUES (56, 56, 22.4);
INSERT INTO `forecast_draft` VALUES (57, 57, 34.3);
INSERT INTO `forecast_draft` VALUES (58, 58, 15.8);
INSERT INTO `forecast_draft` VALUES (59, 59, 8.6);
INSERT INTO `forecast_draft` VALUES (60, 60, 3.1);
INSERT INTO `forecast_draft` VALUES (61, 61, 9.4);
INSERT INTO `forecast_draft` VALUES (62, 62, 12.9);
INSERT INTO `forecast_draft` VALUES (63, 63, 12.3);
INSERT INTO `forecast_draft` VALUES (64, 64, 14.4);
INSERT INTO `forecast_draft` VALUES (65, 65, 16.1);
INSERT INTO `forecast_draft` VALUES (66, 66, 6.0);
INSERT INTO `forecast_draft` VALUES (67, 67, 9.9);
INSERT INTO `forecast_draft` VALUES (68, 68, 3.7);
INSERT INTO `forecast_draft` VALUES (69, 69, 15.3);
INSERT INTO `forecast_draft` VALUES (70, 70, 25.4);
INSERT INTO `forecast_draft` VALUES (71, 71, 3.0);
INSERT INTO `forecast_draft` VALUES (72, 72, 14.3);
INSERT INTO `forecast_draft` VALUES (73, 73, 13.9);
INSERT INTO `forecast_draft` VALUES (74, 74, 6.2);
INSERT INTO `forecast_draft` VALUES (75, 75, 5.6);
INSERT INTO `forecast_draft` VALUES (76, 76, 1.9);
INSERT INTO `forecast_draft` VALUES (77, 77, 3.4);
INSERT INTO `forecast_draft` VALUES (78, 78, 1.4);
INSERT INTO `forecast_draft` VALUES (79, 79, 2.1);
INSERT INTO `forecast_draft` VALUES (80, 80, 1.2);
COMMIT;

-- ----------------------------
-- Table structure for forecast_player_statistic
-- ----------------------------
DROP TABLE IF EXISTS `forecast_player_statistic`;
CREATE TABLE `forecast_player_statistic` (
  `id` int(11) NOT NULL AUTO_INCREMENT,
  `player_id` int(11) DEFAULT NULL,
  `statistic_id` int(11) DEFAULT NULL,
  `statistic_value` decimal(10,4) DEFAULT NULL,
  PRIMARY KEY (`id`)
) ENGINE=InnoDB AUTO_INCREMENT=512 DEFAULT CHARSET=utf8mb4 COLLATE=utf8mb4_unicode_ci;

-- ----------------------------
-- Records of forecast_player_statistic
-- ----------------------------
BEGIN;
INSERT INTO `forecast_player_statistic` VALUES (1, 1, 1, 114.0000);
INSERT INTO `forecast_player_statistic` VALUES (2, 1, 2, 35.0000);
INSERT INTO `forecast_player_statistic` VALUES (3, 1, 3, 109.0000);
INSERT INTO `forecast_player_statistic` VALUES (4, 1, 4, 12.0000);
INSERT INTO `forecast_player_statistic` VALUES (5, 1, 5, 0.3210);
INSERT INTO `forecast_player_statistic` VALUES (6, 2, 1, 115.0000);
INSERT INTO `forecast_player_statistic` VALUES (7, 2, 2, 46.0000);
INSERT INTO `forecast_player_statistic` VALUES (8, 2, 3, 110.0000);
INSERT INTO `forecast_player_statistic` VALUES (9, 2, 4, 28.0000);
INSERT INTO `forecast_player_statistic` VALUES (10, 2, 5, 0.2920);
INSERT INTO `forecast_player_statistic` VALUES (11, 3, 1, 110.0000);
INSERT INTO `forecast_player_statistic` VALUES (12, 3, 2, 41.0000);
INSERT INTO `forecast_player_statistic` VALUES (13, 3, 3, 111.0000);
INSERT INTO `forecast_player_statistic` VALUES (14, 3, 4, 3.0000);
INSERT INTO `forecast_player_statistic` VALUES (15, 3, 5, 0.3110);
INSERT INTO `forecast_player_statistic` VALUES (16, 4, 1, 104.0000);
INSERT INTO `forecast_player_statistic` VALUES (17, 4, 2, 37.0000);
INSERT INTO `forecast_player_statistic` VALUES (18, 4, 3, 102.0000);
INSERT INTO `forecast_player_statistic` VALUES (19, 4, 4, 14.0000);
INSERT INTO `forecast_player_statistic` VALUES (20, 4, 5, 0.2910);
INSERT INTO `forecast_player_statistic` VALUES (21, 5, 1, 109.0000);
INSERT INTO `forecast_player_statistic` VALUES (22, 5, 2, 27.0000);
INSERT INTO `forecast_player_statistic` VALUES (23, 5, 3, 86.0000);
INSERT INTO `forecast_player_statistic` VALUES (24, 5, 4, 31.0000);
INSERT INTO `forecast_player_statistic` VALUES (25, 5, 5, 0.3090);
INSERT INTO `forecast_player_statistic` VALUES (26, 6, 1, 101.0000);
INSERT INTO `forecast_player_statistic` VALUES (27, 6, 2, 37.0000);
INSERT INTO `forecast_player_statistic` VALUES (28, 6, 3, 98.0000);
INSERT INTO `forecast_player_statistic` VALUES (29, 6, 4, 8.0000);
INSERT INTO `forecast_player_statistic` VALUES (30, 6, 5, 0.2940);
INSERT INTO `forecast_player_statistic` VALUES (31, 7, 1, 104.0000);
INSERT INTO `forecast_player_statistic` VALUES (32, 7, 2, 31.0000);
INSERT INTO `forecast_player_statistic` VALUES (33, 7, 3, 95.0000);
INSERT INTO `forecast_player_statistic` VALUES (34, 7, 4, 7.0000);
INSERT INTO `forecast_player_statistic` VALUES (35, 7, 5, 0.3010);
INSERT INTO `forecast_player_statistic` VALUES (36, 8, 1, 103.0000);
INSERT INTO `forecast_player_statistic` VALUES (37, 8, 2, 36.0000);
INSERT INTO `forecast_player_statistic` VALUES (38, 8, 3, 106.0000);
INSERT INTO `forecast_player_statistic` VALUES (39, 8, 4, 25.0000);
INSERT INTO `forecast_player_statistic` VALUES (40, 8, 5, 0.2770);
INSERT INTO `forecast_player_statistic` VALUES (41, 9, 1, 108.0000);
INSERT INTO `forecast_player_statistic` VALUES (42, 9, 2, 37.0000);
INSERT INTO `forecast_player_statistic` VALUES (43, 9, 3, 84.0000);
INSERT INTO `forecast_player_statistic` VALUES (44, 9, 4, 23.0000);
INSERT INTO `forecast_player_statistic` VALUES (45, 9, 5, 0.2850);
INSERT INTO `forecast_player_statistic` VALUES (46, 10, 1, 101.0000);
INSERT INTO `forecast_player_statistic` VALUES (47, 10, 2, 37.0000);
INSERT INTO `forecast_player_statistic` VALUES (48, 10, 3, 107.0000);
INSERT INTO `forecast_player_statistic` VALUES (49, 10, 4, 5.0000);
INSERT INTO `forecast_player_statistic` VALUES (50, 10, 5, 0.2850);
INSERT INTO `forecast_player_statistic` VALUES (51, 11, 1, 99.0000);
INSERT INTO `forecast_player_statistic` VALUES (52, 11, 2, 40.0000);
INSERT INTO `forecast_player_statistic` VALUES (53, 11, 3, 100.0000);
INSERT INTO `forecast_player_statistic` VALUES (54, 11, 4, 5.0000);
INSERT INTO `forecast_player_statistic` VALUES (55, 11, 5, 0.2830);
INSERT INTO `forecast_player_statistic` VALUES (56, 12, 1, 115.0000);
INSERT INTO `forecast_player_statistic` VALUES (57, 12, 2, 30.0000);
INSERT INTO `forecast_player_statistic` VALUES (58, 12, 3, 83.0000);
INSERT INTO `forecast_player_statistic` VALUES (59, 12, 4, 16.0000);
INSERT INTO `forecast_player_statistic` VALUES (60, 12, 5, 0.2840);
INSERT INTO `forecast_player_statistic` VALUES (61, 13, 1, 94.0000);
INSERT INTO `forecast_player_statistic` VALUES (62, 13, 2, 38.0000);
INSERT INTO `forecast_player_statistic` VALUES (63, 13, 3, 113.0000);
INSERT INTO `forecast_player_statistic` VALUES (64, 13, 4, 2.0000);
INSERT INTO `forecast_player_statistic` VALUES (65, 13, 5, 0.2860);
INSERT INTO `forecast_player_statistic` VALUES (66, 14, 1, 106.0000);
INSERT INTO `forecast_player_statistic` VALUES (67, 14, 2, 28.0000);
INSERT INTO `forecast_player_statistic` VALUES (68, 14, 3, 94.0000);
INSERT INTO `forecast_player_statistic` VALUES (69, 14, 4, 21.0000);
INSERT INTO `forecast_player_statistic` VALUES (70, 14, 5, 0.2970);
INSERT INTO `forecast_player_statistic` VALUES (71, 15, 1, 90.0000);
INSERT INTO `forecast_player_statistic` VALUES (72, 15, 2, 32.0000);
INSERT INTO `forecast_player_statistic` VALUES (73, 15, 3, 98.0000);
INSERT INTO `forecast_player_statistic` VALUES (74, 15, 4, 18.0000);
INSERT INTO `forecast_player_statistic` VALUES (75, 15, 5, 0.2830);
INSERT INTO `forecast_player_statistic` VALUES (76, 16, 1, 94.0000);
INSERT INTO `forecast_player_statistic` VALUES (77, 16, 2, 27.0000);
INSERT INTO `forecast_player_statistic` VALUES (78, 16, 3, 92.0000);
INSERT INTO `forecast_player_statistic` VALUES (79, 16, 4, 7.0000);
INSERT INTO `forecast_player_statistic` VALUES (80, 16, 5, 0.2930);
INSERT INTO `forecast_player_statistic` VALUES (81, 17, 1, 93.0000);
INSERT INTO `forecast_player_statistic` VALUES (82, 17, 2, 32.0000);
INSERT INTO `forecast_player_statistic` VALUES (83, 17, 3, 97.0000);
INSERT INTO `forecast_player_statistic` VALUES (84, 17, 4, 3.0000);
INSERT INTO `forecast_player_statistic` VALUES (85, 17, 5, 0.2860);
INSERT INTO `forecast_player_statistic` VALUES (86, 18, 1, 92.0000);
INSERT INTO `forecast_player_statistic` VALUES (87, 18, 2, 31.0000);
INSERT INTO `forecast_player_statistic` VALUES (88, 18, 3, 106.0000);
INSERT INTO `forecast_player_statistic` VALUES (89, 18, 4, 11.0000);
INSERT INTO `forecast_player_statistic` VALUES (90, 18, 5, 0.2810);
INSERT INTO `forecast_player_statistic` VALUES (91, 19, 1, 88.0000);
INSERT INTO `forecast_player_statistic` VALUES (92, 19, 2, 24.0000);
INSERT INTO `forecast_player_statistic` VALUES (93, 19, 3, 88.0000);
INSERT INTO `forecast_player_statistic` VALUES (94, 19, 4, 5.0000);
INSERT INTO `forecast_player_statistic` VALUES (95, 19, 5, 0.2900);
INSERT INTO `forecast_player_statistic` VALUES (96, 20, 1, 91.0000);
INSERT INTO `forecast_player_statistic` VALUES (97, 20, 2, 38.0000);
INSERT INTO `forecast_player_statistic` VALUES (98, 20, 3, 105.0000);
INSERT INTO `forecast_player_statistic` VALUES (99, 20, 4, 3.0000);
INSERT INTO `forecast_player_statistic` VALUES (100, 20, 5, 0.2620);
INSERT INTO `forecast_player_statistic` VALUES (101, 21, 1, 94.0000);
INSERT INTO `forecast_player_statistic` VALUES (102, 21, 2, 29.0000);
INSERT INTO `forecast_player_statistic` VALUES (103, 21, 3, 88.0000);
INSERT INTO `forecast_player_statistic` VALUES (104, 21, 4, 8.0000);
INSERT INTO `forecast_player_statistic` VALUES (105, 21, 5, 0.2810);
INSERT INTO `forecast_player_statistic` VALUES (106, 22, 1, 100.0000);
INSERT INTO `forecast_player_statistic` VALUES (107, 22, 2, 28.0000);
INSERT INTO `forecast_player_statistic` VALUES (108, 22, 3, 90.0000);
INSERT INTO `forecast_player_statistic` VALUES (109, 22, 4, 18.0000);
INSERT INTO `forecast_player_statistic` VALUES (110, 22, 5, 0.2730);
INSERT INTO `forecast_player_statistic` VALUES (111, 23, 1, 86.0000);
INSERT INTO `forecast_player_statistic` VALUES (112, 23, 2, 22.0000);
INSERT INTO `forecast_player_statistic` VALUES (113, 23, 3, 79.0000);
INSERT INTO `forecast_player_statistic` VALUES (114, 23, 4, 6.0000);
INSERT INTO `forecast_player_statistic` VALUES (115, 23, 5, 0.2990);
INSERT INTO `forecast_player_statistic` VALUES (116, 24, 1, 90.0000);
INSERT INTO `forecast_player_statistic` VALUES (117, 24, 2, 40.0000);
INSERT INTO `forecast_player_statistic` VALUES (118, 24, 3, 108.0000);
INSERT INTO `forecast_player_statistic` VALUES (119, 24, 4, 2.0000);
INSERT INTO `forecast_player_statistic` VALUES (120, 24, 5, 0.2610);
INSERT INTO `forecast_player_statistic` VALUES (121, 25, 1, 87.0000);
INSERT INTO `forecast_player_statistic` VALUES (122, 25, 2, 28.0000);
INSERT INTO `forecast_player_statistic` VALUES (123, 25, 3, 86.0000);
INSERT INTO `forecast_player_statistic` VALUES (124, 25, 4, 17.0000);
INSERT INTO `forecast_player_statistic` VALUES (125, 25, 5, 0.2910);
INSERT INTO `forecast_player_statistic` VALUES (126, 26, 1, 89.0000);
INSERT INTO `forecast_player_statistic` VALUES (127, 26, 2, 25.0000);
INSERT INTO `forecast_player_statistic` VALUES (128, 26, 3, 63.0000);
INSERT INTO `forecast_player_statistic` VALUES (129, 26, 4, 27.0000);
INSERT INTO `forecast_player_statistic` VALUES (130, 26, 5, 0.2720);
INSERT INTO `forecast_player_statistic` VALUES (131, 27, 1, 87.0000);
INSERT INTO `forecast_player_statistic` VALUES (132, 27, 2, 32.0000);
INSERT INTO `forecast_player_statistic` VALUES (133, 27, 3, 100.0000);
INSERT INTO `forecast_player_statistic` VALUES (134, 27, 4, 0.0000);
INSERT INTO `forecast_player_statistic` VALUES (135, 27, 5, 0.2810);
INSERT INTO `forecast_player_statistic` VALUES (136, 28, 1, 99.0000);
INSERT INTO `forecast_player_statistic` VALUES (137, 28, 2, 21.0000);
INSERT INTO `forecast_player_statistic` VALUES (138, 28, 3, 69.0000);
INSERT INTO `forecast_player_statistic` VALUES (139, 28, 4, 19.0000);
INSERT INTO `forecast_player_statistic` VALUES (140, 28, 5, 0.3010);
INSERT INTO `forecast_player_statistic` VALUES (141, 29, 1, 85.0000);
INSERT INTO `forecast_player_statistic` VALUES (142, 29, 2, 26.0000);
INSERT INTO `forecast_player_statistic` VALUES (143, 29, 3, 87.0000);
INSERT INTO `forecast_player_statistic` VALUES (144, 29, 4, 3.0000);
INSERT INTO `forecast_player_statistic` VALUES (145, 29, 5, 0.2930);
INSERT INTO `forecast_player_statistic` VALUES (146, 30, 1, 105.0000);
INSERT INTO `forecast_player_statistic` VALUES (147, 30, 2, 27.0000);
INSERT INTO `forecast_player_statistic` VALUES (148, 30, 3, 77.0000);
INSERT INTO `forecast_player_statistic` VALUES (149, 30, 4, 6.0000);
INSERT INTO `forecast_player_statistic` VALUES (150, 30, 5, 0.2780);
INSERT INTO `forecast_player_statistic` VALUES (151, 31, 1, 96.0000);
INSERT INTO `forecast_player_statistic` VALUES (152, 31, 2, 31.0000);
INSERT INTO `forecast_player_statistic` VALUES (153, 31, 3, 83.0000);
INSERT INTO `forecast_player_statistic` VALUES (154, 31, 4, 12.0000);
INSERT INTO `forecast_player_statistic` VALUES (155, 31, 5, 0.2630);
INSERT INTO `forecast_player_statistic` VALUES (156, 32, 1, 85.0000);
INSERT INTO `forecast_player_statistic` VALUES (157, 32, 2, 29.0000);
INSERT INTO `forecast_player_statistic` VALUES (158, 32, 3, 96.0000);
INSERT INTO `forecast_player_statistic` VALUES (159, 32, 4, 1.0000);
INSERT INTO `forecast_player_statistic` VALUES (160, 32, 5, 0.2780);
INSERT INTO `forecast_player_statistic` VALUES (161, 33, 1, 91.0000);
INSERT INTO `forecast_player_statistic` VALUES (162, 33, 2, 28.0000);
INSERT INTO `forecast_player_statistic` VALUES (163, 33, 3, 84.0000);
INSERT INTO `forecast_player_statistic` VALUES (164, 33, 4, 22.0000);
INSERT INTO `forecast_player_statistic` VALUES (165, 33, 5, 0.2650);
INSERT INTO `forecast_player_statistic` VALUES (166, 34, 1, 97.0000);
INSERT INTO `forecast_player_statistic` VALUES (167, 34, 2, 33.0000);
INSERT INTO `forecast_player_statistic` VALUES (168, 34, 3, 83.0000);
INSERT INTO `forecast_player_statistic` VALUES (169, 34, 4, 6.0000);
INSERT INTO `forecast_player_statistic` VALUES (170, 34, 5, 0.2680);
INSERT INTO `forecast_player_statistic` VALUES (171, 35, 1, 89.0000);
INSERT INTO `forecast_player_statistic` VALUES (172, 35, 2, 33.0000);
INSERT INTO `forecast_player_statistic` VALUES (173, 35, 3, 102.0000);
INSERT INTO `forecast_player_statistic` VALUES (174, 35, 4, 11.0000);
INSERT INTO `forecast_player_statistic` VALUES (175, 35, 5, 0.2760);
INSERT INTO `forecast_player_statistic` VALUES (176, 36, 1, 86.0000);
INSERT INTO `forecast_player_statistic` VALUES (177, 36, 2, 27.0000);
INSERT INTO `forecast_player_statistic` VALUES (178, 36, 3, 78.0000);
INSERT INTO `forecast_player_statistic` VALUES (179, 36, 4, 2.0000);
INSERT INTO `forecast_player_statistic` VALUES (180, 36, 5, 0.2920);
INSERT INTO `forecast_player_statistic` VALUES (181, 37, 1, 92.0000);
INSERT INTO `forecast_player_statistic` VALUES (182, 37, 2, 27.0000);
INSERT INTO `forecast_player_statistic` VALUES (183, 37, 3, 88.0000);
INSERT INTO `forecast_player_statistic` VALUES (184, 37, 4, 10.0000);
INSERT INTO `forecast_player_statistic` VALUES (185, 37, 5, 0.2740);
INSERT INTO `forecast_player_statistic` VALUES (186, 38, 1, 94.0000);
INSERT INTO `forecast_player_statistic` VALUES (187, 38, 2, 18.0000);
INSERT INTO `forecast_player_statistic` VALUES (188, 38, 3, 80.0000);
INSERT INTO `forecast_player_statistic` VALUES (189, 38, 4, 8.0000);
INSERT INTO `forecast_player_statistic` VALUES (190, 38, 5, 0.2880);
INSERT INTO `forecast_player_statistic` VALUES (191, 39, 1, 86.0000);
INSERT INTO `forecast_player_statistic` VALUES (192, 39, 2, 31.0000);
INSERT INTO `forecast_player_statistic` VALUES (193, 39, 3, 109.0000);
INSERT INTO `forecast_player_statistic` VALUES (194, 39, 4, 1.0000);
INSERT INTO `forecast_player_statistic` VALUES (195, 39, 5, 0.2710);
INSERT INTO `forecast_player_statistic` VALUES (196, 40, 1, 84.0000);
INSERT INTO `forecast_player_statistic` VALUES (197, 40, 2, 32.0000);
INSERT INTO `forecast_player_statistic` VALUES (198, 40, 3, 101.0000);
INSERT INTO `forecast_player_statistic` VALUES (199, 40, 4, 2.0000);
INSERT INTO `forecast_player_statistic` VALUES (200, 40, 5, 0.2640);
INSERT INTO `forecast_player_statistic` VALUES (201, 41, 1, 88.0000);
INSERT INTO `forecast_player_statistic` VALUES (202, 41, 2, 26.0000);
INSERT INTO `forecast_player_statistic` VALUES (203, 41, 3, 91.0000);
INSERT INTO `forecast_player_statistic` VALUES (204, 41, 4, 1.0000);
INSERT INTO `forecast_player_statistic` VALUES (205, 41, 5, 0.2800);
INSERT INTO `forecast_player_statistic` VALUES (206, 42, 1, 77.0000);
INSERT INTO `forecast_player_statistic` VALUES (207, 42, 2, 35.0000);
INSERT INTO `forecast_player_statistic` VALUES (208, 42, 3, 97.0000);
INSERT INTO `forecast_player_statistic` VALUES (209, 42, 4, 1.0000);
INSERT INTO `forecast_player_statistic` VALUES (210, 42, 5, 0.2700);
INSERT INTO `forecast_player_statistic` VALUES (211, 43, 1, 79.0000);
INSERT INTO `forecast_player_statistic` VALUES (212, 43, 2, 38.0000);
INSERT INTO `forecast_player_statistic` VALUES (213, 43, 3, 104.0000);
INSERT INTO `forecast_player_statistic` VALUES (214, 43, 4, 3.0000);
INSERT INTO `forecast_player_statistic` VALUES (215, 43, 5, 0.2590);
INSERT INTO `forecast_player_statistic` VALUES (216, 44, 1, 92.0000);
INSERT INTO `forecast_player_statistic` VALUES (217, 44, 2, 23.0000);
INSERT INTO `forecast_player_statistic` VALUES (218, 44, 3, 79.0000);
INSERT INTO `forecast_player_statistic` VALUES (219, 44, 4, 14.0000);
INSERT INTO `forecast_player_statistic` VALUES (220, 44, 5, 0.2680);
INSERT INTO `forecast_player_statistic` VALUES (221, 45, 1, 89.0000);
INSERT INTO `forecast_player_statistic` VALUES (222, 45, 2, 25.0000);
INSERT INTO `forecast_player_statistic` VALUES (223, 45, 3, 90.0000);
INSERT INTO `forecast_player_statistic` VALUES (224, 45, 4, 2.0000);
INSERT INTO `forecast_player_statistic` VALUES (225, 45, 5, 0.2730);
INSERT INTO `forecast_player_statistic` VALUES (226, 46, 1, 82.0000);
INSERT INTO `forecast_player_statistic` VALUES (227, 46, 2, 32.0000);
INSERT INTO `forecast_player_statistic` VALUES (228, 46, 3, 101.0000);
INSERT INTO `forecast_player_statistic` VALUES (229, 46, 4, 2.0000);
INSERT INTO `forecast_player_statistic` VALUES (230, 46, 5, 0.2690);
INSERT INTO `forecast_player_statistic` VALUES (231, 47, 1, 88.0000);
INSERT INTO `forecast_player_statistic` VALUES (232, 47, 2, 33.0000);
INSERT INTO `forecast_player_statistic` VALUES (233, 47, 3, 92.0000);
INSERT INTO `forecast_player_statistic` VALUES (234, 47, 4, 3.0000);
INSERT INTO `forecast_player_statistic` VALUES (235, 47, 5, 0.2550);
INSERT INTO `forecast_player_statistic` VALUES (236, 48, 1, 88.0000);
INSERT INTO `forecast_player_statistic` VALUES (237, 48, 2, 32.0000);
INSERT INTO `forecast_player_statistic` VALUES (238, 48, 3, 79.0000);
INSERT INTO `forecast_player_statistic` VALUES (239, 48, 4, 17.0000);
INSERT INTO `forecast_player_statistic` VALUES (240, 48, 5, 0.2770);
INSERT INTO `forecast_player_statistic` VALUES (241, 49, 1, 91.0000);
INSERT INTO `forecast_player_statistic` VALUES (242, 49, 2, 35.0000);
INSERT INTO `forecast_player_statistic` VALUES (243, 49, 3, 92.0000);
INSERT INTO `forecast_player_statistic` VALUES (244, 49, 4, 7.0000);
INSERT INTO `forecast_player_statistic` VALUES (245, 49, 5, 0.2520);
INSERT INTO `forecast_player_statistic` VALUES (246, 50, 1, 92.0000);
INSERT INTO `forecast_player_statistic` VALUES (247, 50, 2, 27.0000);
INSERT INTO `forecast_player_statistic` VALUES (248, 50, 3, 85.0000);
INSERT INTO `forecast_player_statistic` VALUES (249, 50, 4, 15.0000);
INSERT INTO `forecast_player_statistic` VALUES (250, 50, 5, 0.2580);
INSERT INTO `forecast_player_statistic` VALUES (251, 51, 1, 76.0000);
INSERT INTO `forecast_player_statistic` VALUES (252, 51, 2, 32.0000);
INSERT INTO `forecast_player_statistic` VALUES (253, 51, 3, 97.0000);
INSERT INTO `forecast_player_statistic` VALUES (254, 51, 4, 1.0000);
INSERT INTO `forecast_player_statistic` VALUES (255, 51, 5, 0.2740);
INSERT INTO `forecast_player_statistic` VALUES (256, 52, 1, 82.0000);
INSERT INTO `forecast_player_statistic` VALUES (257, 52, 2, 29.0000);
INSERT INTO `forecast_player_statistic` VALUES (258, 52, 3, 97.0000);
INSERT INTO `forecast_player_statistic` VALUES (259, 52, 4, 0.0000);
INSERT INTO `forecast_player_statistic` VALUES (260, 52, 5, 0.2680);
INSERT INTO `forecast_player_statistic` VALUES (261, 53, 1, 80.0000);
INSERT INTO `forecast_player_statistic` VALUES (262, 53, 2, 30.0000);
INSERT INTO `forecast_player_statistic` VALUES (263, 53, 3, 90.0000);
INSERT INTO `forecast_player_statistic` VALUES (264, 53, 4, 1.0000);
INSERT INTO `forecast_player_statistic` VALUES (265, 53, 5, 0.2560);
INSERT INTO `forecast_player_statistic` VALUES (266, 54, 1, 89.0000);
INSERT INTO `forecast_player_statistic` VALUES (267, 54, 2, 12.0000);
INSERT INTO `forecast_player_statistic` VALUES (268, 54, 3, 65.0000);
INSERT INTO `forecast_player_statistic` VALUES (269, 54, 4, 29.0000);
INSERT INTO `forecast_player_statistic` VALUES (270, 54, 5, 0.2830);
INSERT INTO `forecast_player_statistic` VALUES (271, 55, 1, 88.0000);
INSERT INTO `forecast_player_statistic` VALUES (272, 55, 2, 34.0000);
INSERT INTO `forecast_player_statistic` VALUES (273, 55, 3, 89.0000);
INSERT INTO `forecast_player_statistic` VALUES (274, 55, 4, 14.0000);
INSERT INTO `forecast_player_statistic` VALUES (275, 55, 5, 0.2640);
INSERT INTO `forecast_player_statistic` VALUES (276, 56, 1, 89.0000);
INSERT INTO `forecast_player_statistic` VALUES (277, 56, 2, 23.0000);
INSERT INTO `forecast_player_statistic` VALUES (278, 56, 3, 75.0000);
INSERT INTO `forecast_player_statistic` VALUES (279, 56, 4, 19.0000);
INSERT INTO `forecast_player_statistic` VALUES (280, 56, 5, 0.2660);
INSERT INTO `forecast_player_statistic` VALUES (281, 57, 1, 90.0000);
INSERT INTO `forecast_player_statistic` VALUES (282, 57, 2, 17.0000);
INSERT INTO `forecast_player_statistic` VALUES (283, 57, 3, 66.0000);
INSERT INTO `forecast_player_statistic` VALUES (284, 57, 4, 35.0000);
INSERT INTO `forecast_player_statistic` VALUES (285, 57, 5, 0.2830);
INSERT INTO `forecast_player_statistic` VALUES (286, 58, 1, 98.0000);
INSERT INTO `forecast_player_statistic` VALUES (287, 58, 2, 22.0000);
INSERT INTO `forecast_player_statistic` VALUES (288, 58, 3, 70.0000);
INSERT INTO `forecast_player_statistic` VALUES (289, 58, 4, 11.0000);
INSERT INTO `forecast_player_statistic` VALUES (290, 58, 5, 0.2650);
INSERT INTO `forecast_player_statistic` VALUES (291, 59, 1, 86.0000);
INSERT INTO `forecast_player_statistic` VALUES (292, 59, 2, 18.0000);
INSERT INTO `forecast_player_statistic` VALUES (293, 59, 3, 72.0000);
INSERT INTO `forecast_player_statistic` VALUES (294, 59, 4, 7.0000);
INSERT INTO `forecast_player_statistic` VALUES (295, 59, 5, 0.2760);
INSERT INTO `forecast_player_statistic` VALUES (296, 60, 1, 82.0000);
INSERT INTO `forecast_player_statistic` VALUES (297, 60, 2, 15.0000);
INSERT INTO `forecast_player_statistic` VALUES (298, 60, 3, 66.0000);
INSERT INTO `forecast_player_statistic` VALUES (299, 60, 4, 7.0000);
INSERT INTO `forecast_player_statistic` VALUES (300, 60, 5, 0.2930);
INSERT INTO `forecast_player_statistic` VALUES (301, 61, 1, 83.0000);
INSERT INTO `forecast_player_statistic` VALUES (302, 61, 2, 20.0000);
INSERT INTO `forecast_player_statistic` VALUES (303, 61, 3, 72.0000);
INSERT INTO `forecast_player_statistic` VALUES (304, 61, 4, 4.0000);
INSERT INTO `forecast_player_statistic` VALUES (305, 61, 5, 0.2680);
INSERT INTO `forecast_player_statistic` VALUES (306, 62, 1, 90.0000);
INSERT INTO `forecast_player_statistic` VALUES (307, 62, 2, 15.0000);
INSERT INTO `forecast_player_statistic` VALUES (308, 62, 3, 66.0000);
INSERT INTO `forecast_player_statistic` VALUES (309, 62, 4, 5.0000);
INSERT INTO `forecast_player_statistic` VALUES (310, 62, 5, 0.2880);
INSERT INTO `forecast_player_statistic` VALUES (311, 63, 1, 78.0000);
INSERT INTO `forecast_player_statistic` VALUES (312, 63, 2, 30.0000);
INSERT INTO `forecast_player_statistic` VALUES (313, 63, 3, 88.0000);
INSERT INTO `forecast_player_statistic` VALUES (314, 63, 4, 4.0000);
INSERT INTO `forecast_player_statistic` VALUES (315, 63, 5, 0.2670);
INSERT INTO `forecast_player_statistic` VALUES (316, 64, 1, 92.0000);
INSERT INTO `forecast_player_statistic` VALUES (317, 64, 2, 32.0000);
INSERT INTO `forecast_player_statistic` VALUES (318, 64, 3, 89.0000);
INSERT INTO `forecast_player_statistic` VALUES (319, 64, 4, 3.0000);
INSERT INTO `forecast_player_statistic` VALUES (320, 64, 5, 0.2540);
INSERT INTO `forecast_player_statistic` VALUES (321, 65, 1, 78.0000);
INSERT INTO `forecast_player_statistic` VALUES (322, 65, 2, 22.0000);
INSERT INTO `forecast_player_statistic` VALUES (323, 65, 3, 87.0000);
INSERT INTO `forecast_player_statistic` VALUES (324, 65, 4, 2.0000);
INSERT INTO `forecast_player_statistic` VALUES (325, 65, 5, 0.2770);
INSERT INTO `forecast_player_statistic` VALUES (326, 66, 1, 91.0000);
INSERT INTO `forecast_player_statistic` VALUES (327, 66, 2, 40.0000);
INSERT INTO `forecast_player_statistic` VALUES (328, 66, 3, 94.0000);
INSERT INTO `forecast_player_statistic` VALUES (329, 66, 4, 6.0000);
INSERT INTO `forecast_player_statistic` VALUES (330, 66, 5, 0.2160);
INSERT INTO `forecast_player_statistic` VALUES (331, 67, 1, 80.0000);
INSERT INTO `forecast_player_statistic` VALUES (332, 67, 2, 33.0000);
INSERT INTO `forecast_player_statistic` VALUES (333, 67, 3, 83.0000);
INSERT INTO `forecast_player_statistic` VALUES (334, 67, 4, 2.0000);
INSERT INTO `forecast_player_statistic` VALUES (335, 67, 5, 0.2510);
INSERT INTO `forecast_player_statistic` VALUES (336, 68, 1, 82.0000);
INSERT INTO `forecast_player_statistic` VALUES (337, 68, 2, 25.0000);
INSERT INTO `forecast_player_statistic` VALUES (338, 68, 3, 74.0000);
INSERT INTO `forecast_player_statistic` VALUES (339, 68, 4, 6.0000);
INSERT INTO `forecast_player_statistic` VALUES (340, 68, 5, 0.2600);
INSERT INTO `forecast_player_statistic` VALUES (341, 69, 1, 84.0000);
INSERT INTO `forecast_player_statistic` VALUES (342, 69, 2, 24.0000);
INSERT INTO `forecast_player_statistic` VALUES (343, 69, 3, 75.0000);
INSERT INTO `forecast_player_statistic` VALUES (344, 69, 4, 7.0000);
INSERT INTO `forecast_player_statistic` VALUES (345, 69, 5, 0.2650);
INSERT INTO `forecast_player_statistic` VALUES (346, 70, 1, 74.0000);
INSERT INTO `forecast_player_statistic` VALUES (347, 70, 2, 37.0000);
INSERT INTO `forecast_player_statistic` VALUES (348, 70, 3, 99.0000);
INSERT INTO `forecast_player_statistic` VALUES (349, 70, 4, 1.0000);
INSERT INTO `forecast_player_statistic` VALUES (350, 70, 5, 0.2690);
INSERT INTO `forecast_player_statistic` VALUES (351, 71, 1, 79.0000);
INSERT INTO `forecast_player_statistic` VALUES (352, 71, 2, 21.0000);
INSERT INTO `forecast_player_statistic` VALUES (353, 71, 3, 79.0000);
INSERT INTO `forecast_player_statistic` VALUES (354, 71, 4, 1.0000);
INSERT INTO `forecast_player_statistic` VALUES (355, 71, 5, 0.2830);
INSERT INTO `forecast_player_statistic` VALUES (356, 72, 1, 76.0000);
INSERT INTO `forecast_player_statistic` VALUES (357, 72, 2, 22.0000);
INSERT INTO `forecast_player_statistic` VALUES (358, 72, 3, 81.0000);
INSERT INTO `forecast_player_statistic` VALUES (359, 72, 4, 11.0000);
INSERT INTO `forecast_player_statistic` VALUES (360, 72, 5, 0.2640);
INSERT INTO `forecast_player_statistic` VALUES (361, 73, 1, 72.0000);
INSERT INTO `forecast_player_statistic` VALUES (362, 73, 2, 27.0000);
INSERT INTO `forecast_player_statistic` VALUES (363, 73, 3, 82.0000);
INSERT INTO `forecast_player_statistic` VALUES (364, 73, 4, 2.0000);
INSERT INTO `forecast_player_statistic` VALUES (365, 73, 5, 0.2600);
INSERT INTO `forecast_player_statistic` VALUES (366, 74, 1, 71.0000);
INSERT INTO `forecast_player_statistic` VALUES (367, 74, 2, 26.0000);
INSERT INTO `forecast_player_statistic` VALUES (368, 74, 3, 75.0000);
INSERT INTO `forecast_player_statistic` VALUES (369, 74, 4, 1.0000);
INSERT INTO `forecast_player_statistic` VALUES (370, 74, 5, 0.2430);
INSERT INTO `forecast_player_statistic` VALUES (371, 75, 1, 69.0000);
INSERT INTO `forecast_player_statistic` VALUES (372, 75, 2, 23.0000);
INSERT INTO `forecast_player_statistic` VALUES (373, 75, 3, 69.0000);
INSERT INTO `forecast_player_statistic` VALUES (374, 75, 4, 5.0000);
INSERT INTO `forecast_player_statistic` VALUES (375, 75, 5, 0.2450);
INSERT INTO `forecast_player_statistic` VALUES (376, 76, 1, 50.0000);
INSERT INTO `forecast_player_statistic` VALUES (377, 76, 2, 17.0000);
INSERT INTO `forecast_player_statistic` VALUES (378, 76, 3, 58.0000);
INSERT INTO `forecast_player_statistic` VALUES (379, 76, 4, 1.0000);
INSERT INTO `forecast_player_statistic` VALUES (380, 76, 5, 0.2650);
INSERT INTO `forecast_player_statistic` VALUES (381, 77, 1, 56.0000);
INSERT INTO `forecast_player_statistic` VALUES (382, 77, 2, 17.0000);
INSERT INTO `forecast_player_statistic` VALUES (383, 77, 3, 54.0000);
INSERT INTO `forecast_player_statistic` VALUES (384, 77, 4, 9.0000);
INSERT INTO `forecast_player_statistic` VALUES (385, 77, 5, 0.2560);
INSERT INTO `forecast_player_statistic` VALUES (386, 78, 1, 56.0000);
INSERT INTO `forecast_player_statistic` VALUES (387, 78, 2, 12.0000);
INSERT INTO `forecast_player_statistic` VALUES (388, 78, 3, 51.0000);
INSERT INTO `forecast_player_statistic` VALUES (389, 78, 4, 0.0000);
INSERT INTO `forecast_player_statistic` VALUES (390, 78, 5, 0.2720);
INSERT INTO `forecast_player_statistic` VALUES (391, 79, 1, 50.0000);
INSERT INTO `forecast_player_statistic` VALUES (392, 79, 2, 17.0000);
INSERT INTO `forecast_player_statistic` VALUES (393, 79, 3, 59.0000);
INSERT INTO `forecast_player_statistic` VALUES (394, 79, 4, 1.0000);
INSERT INTO `forecast_player_statistic` VALUES (395, 79, 5, 0.2490);
INSERT INTO `forecast_player_statistic` VALUES (396, 80, 1, 51.0000);
INSERT INTO `forecast_player_statistic` VALUES (397, 80, 2, 19.0000);
INSERT INTO `forecast_player_statistic` VALUES (398, 80, 3, 52.0000);
INSERT INTO `forecast_player_statistic` VALUES (399, 80, 4, 1.0000);
INSERT INTO `forecast_player_statistic` VALUES (400, 80, 5, 0.2420);
COMMIT;

-- ----------------------------
-- Table structure for system_strategy
-- ----------------------------
DROP TABLE IF EXISTS `system_strategy`;
CREATE TABLE `system_strategy` (
  `strategy_id` int(11) NOT NULL AUTO_INCREMENT,
  `strategy_code` varchar(20) COLLATE utf8mb4_unicode_ci DEFAULT NULL,
  PRIMARY KEY (`strategy_id`)
) ENGINE=InnoDB AUTO_INCREMENT=17 DEFAULT CHARSET=utf8mb4 COLLATE=utf8mb4_unicode_ci;

-- ----------------------------
-- Records of system_strategy
-- ----------------------------
BEGIN;
INSERT INTO `system_strategy` VALUES (1, 'R-- HR- RBI SB- AVG');
INSERT INTO `system_strategy` VALUES (2, 'R-- HR- RBI SB- ---');
INSERT INTO `system_strategy` VALUES (3, 'R-- HR- RBI --- AVG');
INSERT INTO `system_strategy` VALUES (4, 'R-- HR- RBI --- ---');
INSERT INTO `system_strategy` VALUES (5, 'R-- HR- --- SB- AVG');
INSERT INTO `system_strategy` VALUES (6, 'R-- HR- --- SB- ---');
INSERT INTO `system_strategy` VALUES (7, 'R-- HR- --- --- AVG');
INSERT INTO `system_strategy` VALUES (8, 'R-- --- RBI SB- AVG');
INSERT INTO `system_strategy` VALUES (9, 'R-- --- RBI SB- ---');
INSERT INTO `system_strategy` VALUES (10, 'R-- --- RBI --- AVG');
INSERT INTO `system_strategy` VALUES (11, 'R-- --- --- SB- AVG');
INSERT INTO `system_strategy` VALUES (12, '--- HR- RBI SB- AVG');
INSERT INTO `system_strategy` VALUES (13, '--- HR- RBI SB- ---');
INSERT INTO `system_strategy` VALUES (14, '--- HR- RBI --- AVG');
INSERT INTO `system_strategy` VALUES (15, '--- HR- --- SB- AVG');
INSERT INTO `system_strategy` VALUES (16, '--- --- RBI SB- AVG');
COMMIT;

-- ----------------------------
-- Table structure for system_strategy_statistic
-- ----------------------------
DROP TABLE IF EXISTS `system_strategy_statistic`;
CREATE TABLE `system_strategy_statistic` (
  `id` int(11) NOT NULL AUTO_INCREMENT,
  `strategy_id` int(11) DEFAULT NULL,
  `statistic_id` int(11) DEFAULT NULL,
  PRIMARY KEY (`id`)
) ENGINE=InnoDB AUTO_INCREMENT=56 DEFAULT CHARSET=utf8mb4 COLLATE=utf8mb4_unicode_ci;

-- ----------------------------
-- Records of system_strategy_statistic
-- ----------------------------
BEGIN;
INSERT INTO `system_strategy_statistic` VALUES (1, 1, 1);
INSERT INTO `system_strategy_statistic` VALUES (2, 1, 2);
INSERT INTO `system_strategy_statistic` VALUES (3, 1, 3);
INSERT INTO `system_strategy_statistic` VALUES (4, 1, 4);
INSERT INTO `system_strategy_statistic` VALUES (5, 1, 5);
INSERT INTO `system_strategy_statistic` VALUES (6, 2, 1);
INSERT INTO `system_strategy_statistic` VALUES (7, 2, 2);
INSERT INTO `system_strategy_statistic` VALUES (8, 2, 3);
INSERT INTO `system_strategy_statistic` VALUES (9, 2, 4);
INSERT INTO `system_strategy_statistic` VALUES (10, 3, 1);
INSERT INTO `system_strategy_statistic` VALUES (11, 3, 2);
INSERT INTO `system_strategy_statistic` VALUES (12, 3, 3);
INSERT INTO `system_strategy_statistic` VALUES (13, 3, 5);
INSERT INTO `system_strategy_statistic` VALUES (14, 4, 1);
INSERT INTO `system_strategy_statistic` VALUES (15, 4, 2);
INSERT INTO `system_strategy_statistic` VALUES (16, 4, 3);
INSERT INTO `system_strategy_statistic` VALUES (17, 5, 1);
INSERT INTO `system_strategy_statistic` VALUES (18, 5, 2);
INSERT INTO `system_strategy_statistic` VALUES (19, 5, 4);
INSERT INTO `system_strategy_statistic` VALUES (20, 5, 5);
INSERT INTO `system_strategy_statistic` VALUES (21, 6, 1);
INSERT INTO `system_strategy_statistic` VALUES (22, 6, 2);
INSERT INTO `system_strategy_statistic` VALUES (23, 6, 4);
INSERT INTO `system_strategy_statistic` VALUES (24, 7, 1);
INSERT INTO `system_strategy_statistic` VALUES (25, 7, 2);
INSERT INTO `system_strategy_statistic` VALUES (26, 7, 5);
INSERT INTO `system_strategy_statistic` VALUES (27, 8, 1);
INSERT INTO `system_strategy_statistic` VALUES (28, 8, 3);
INSERT INTO `system_strategy_statistic` VALUES (29, 8, 4);
INSERT INTO `system_strategy_statistic` VALUES (30, 8, 5);
INSERT INTO `system_strategy_statistic` VALUES (31, 9, 1);
INSERT INTO `system_strategy_statistic` VALUES (32, 9, 3);
INSERT INTO `system_strategy_statistic` VALUES (33, 9, 4);
INSERT INTO `system_strategy_statistic` VALUES (34, 10, 1);
INSERT INTO `system_strategy_statistic` VALUES (35, 10, 3);
INSERT INTO `system_strategy_statistic` VALUES (36, 10, 5);
INSERT INTO `system_strategy_statistic` VALUES (37, 11, 1);
INSERT INTO `system_strategy_statistic` VALUES (38, 11, 4);
INSERT INTO `system_strategy_statistic` VALUES (39, 11, 5);
INSERT INTO `system_strategy_statistic` VALUES (40, 12, 2);
INSERT INTO `system_strategy_statistic` VALUES (41, 12, 3);
INSERT INTO `system_strategy_statistic` VALUES (42, 12, 4);
INSERT INTO `system_strategy_statistic` VALUES (43, 12, 5);
INSERT INTO `system_strategy_statistic` VALUES (44, 13, 2);
INSERT INTO `system_strategy_statistic` VALUES (45, 13, 3);
INSERT INTO `system_strategy_statistic` VALUES (46, 13, 4);
INSERT INTO `system_strategy_statistic` VALUES (47, 14, 2);
INSERT INTO `system_strategy_statistic` VALUES (48, 14, 3);
INSERT INTO `system_strategy_statistic` VALUES (49, 14, 5);
INSERT INTO `system_strategy_statistic` VALUES (50, 15, 2);
INSERT INTO `system_strategy_statistic` VALUES (51, 15, 4);
INSERT INTO `system_strategy_statistic` VALUES (52, 15, 5);
INSERT INTO `system_strategy_statistic` VALUES (53, 16, 3);
INSERT INTO `system_strategy_statistic` VALUES (54, 16, 4);
INSERT INTO `system_strategy_statistic` VALUES (55, 16, 5);
COMMIT;

SET FOREIGN_KEY_CHECKS = 1;
